title,exams_mentioned,exam_count,intent_group,language,no_answer_yet,found_by_searches,times_seen,near_duplicate_of,source
"Which exam is easier, CTET, UPTET, or REET?",CTET;UPTET;REET,3,compare exams,en,,"ctet (Quora, console copy, Questions filter); quora_ctet_search_2026-10-01",2,,quora/manual
What are the best books for preparing for the CTET and the UPTET?,CTET;UPTET,2,books / material,en,,"ctet (Quora, console copy, Questions filter); quora_ctet_search_2026-10-01",2,,quora/manual
Which coaching is good for the CTET and the UPTET in Noida & Delhi?,CTET;UPTET,2,coaching / apps / channels,en,,quora_ctet_search_2026-10-01,1,,quora/manual
"Which institute is best for CTET, DSSSB or KVS coaching in Delhi?",CTET;KVS,2,coaching / apps / channels,en,,"ctet (Quora, console copy, Questions filter); quora_ctet_search_2026-10-01",2,,quora/manual
How difficult is it to get a job in KVs after clearing the government exam CTET?,CTET;KVS,2,compare exams,en,,"ctet (Quora, console copy, Questions filter); quora_ctet_search_2026-10-01",2,,quora/manual
Is the REET similar to the CTET?,CTET;REET,2,compare exams,en,yes,quora_ctet_search_2026-10-01,1,,quora/manual
What is the difference between the CTET and the HTET exams?,CTET;HTET,2,compare exams,en,,"ctet (Quora, console copy, Questions filter); quora_ctet_search_2026-10-01",2,,quora/manual
"Which exam is difficult, the CTET or the UPTET?",CTET;UPTET,2,compare exams,en,yes,quora_ctet_search_2026-10-01,1,,quora/manual
Can 82 marks of an OBC candidate in CTET apply for KVS?,CTET;KVS,2,eligibility,en,,"ctet (Quora, console copy, Questions filter); quora_ctet_search_2026-10-01",2,,quora/manual
"After passing the CTET, is it easy to get a teacher's job in KVS?",CTET;KVS,2,jobs / career,en,,quora_ctet_search_2026-10-01,1,,quora/manual
"For the PGT teacher of KVS, is the CTET necessary?",CTET;KVS,2,jobs / career,en,,"ctet (Quora, console copy, Questions filter); quora_ctet_search_2026-10-01",2,,quora/manual
Is CTET required for being a PGT teacher in KVs or JNVs?,CTET;KVS,2,jobs / career,en,,quora_ctet_search_2026-10-01,1,,quora/manual
Is the CTET necessary for a KVS librarian?,CTET;KVS,2,jobs / career,en,,"ctet (Quora, console copy, Questions filter); quora_ctet_search_2026-10-01",2,,quora/manual
"Which app has the best mock tests for CTET, DSSSB, and REET preparation?",CTET;REET,2,mock tests,en,,"ctet (Quora, console copy, Questions filter); quora_ctet_search_2026-10-01",2,,quora/manual
Can a B.Com graduate become an English teacher in KVS after qualifying for the CTET?,CTET;KVS,2,preparation strategy,en,,quora_ctet_search_2026-10-01,1,,quora/manual
What is the meaning of CTET and UPTET?,CTET;UPTET,2,what is / basics,en,,"ctet (Quora, console copy, Questions filter); quora_ctet_search_2026-10-01",2,,quora/manual
How can I crack the CTET? What is a study material for the preparation of the CTET?,CTET,1,books / material,en,,"ctet (Quora, console copy, Questions filter); quora_ctet_search_2026-10-01",2,,quora/manual
What are some books for the CTET Paper II 2018?,CTET,1,books / material,en,,quora_ctet_search_2026-10-01,1,,quora/manual
What are the best books for only the CTET 2019?,CTET,1,books / material,en,,"ctet (Quora, console copy, Questions filter); quora_ctet_search_2026-10-01",2,,quora/manual
Which book is best for CTET preparation?,CTET,1,books / material,en,,"ctet (Quora, console copy, Questions filter); quora_ctet_search_2026-10-01",2,,quora/manual
Which books are the best for the CTET paper 1 pedagogy?,CTET,1,books / material,en,,"ctet (Quora, console copy, Questions filter); quora_ctet_search_2026-10-01",2,,quora/manual
Which English book is best for the CTET preparation?,CTET,1,books / material,en,,quora_ctet_search_2026-10-01,1,,quora/manual
Which is the best book for child pedagogy and development for ctet?,CTET,1,books / material,en,,"ctet (Quora, console copy, Questions filter); quora_ctet_search_2026-10-01",2,,quora/manual
Which is the best book for the CTET exam preparation in 2023?,CTET,1,books / material,en,yes,quora_ctet_search_2026-10-01,1,,quora/manual
Can I get good marks without coaching in CTET?,CTET,1,coaching / apps / channels,en,,quora_ctet_search_2026-10-01,1,,quora/manual
Is there any channel on YouTube to prepare for the CTET?,CTET,1,coaching / apps / channels,en,,"ctet (Quora, console copy, Questions filter); quora_ctet_search_2026-10-01",2,,quora/manual
What are some coachings for CTET in Delhi?,CTET,1,coaching / apps / channels,en,,"ctet (Quora, console copy, Questions filter); quora_ctet_search_2026-10-01",2,,quora/manual
What are the best channels for the preparation of CTET?,CTET,1,coaching / apps / channels,en,,quora_ctet_search_2026-10-01,1,,quora/manual
What are the best channels on YouTube and the best websites for CTET preparation?,CTET,1,coaching / apps / channels,en,,"ctet (Quora, console copy, Questions filter); quora_ctet_search_2026-10-01",2,,quora/manual
What is the best coaching center for CTET in Lucknow?,CTET,1,coaching / apps / channels,en,,"ctet (Quora, console copy, Questions filter); quora_ctet_search_2026-10-01",2,,quora/manual
What is the best CTET telegram channel?,CTET,1,coaching / apps / channels,en,yes,quora_ctet_search_2026-10-01,1,,quora/manual
Which are the best coaching centers for the CTET in Noida?,CTET,1,coaching / apps / channels,en,,"ctet (Quora, console copy, Questions filter); quora_ctet_search_2026-10-01",2,,quora/manual
Which is best Coaching center in Delhi for preparation of CTET?,CTET,1,coaching / apps / channels,en,,"ctet (Quora, console copy, Questions filter); quora_ctet_search_2026-10-01",2,,quora/manual
"Which is the best application for CTET preparation, Gradeup or Unacademy? Do you have any tips for preparation?",CTET,1,coaching / apps / channels,en,,"ctet (Quora, console copy, Questions filter); quora_ctet_search_2026-10-01",2,,quora/manual
Which is the best coaching for the TET CTET in Allahabad?,CTET,1,coaching / apps / channels,en,,"ctet (Quora, console copy, Questions filter); quora_ctet_search_2026-10-01",2,,quora/manual
Which is the best online coaching available for the CTET exam?,CTET,1,coaching / apps / channels,en,,"ctet (Quora, console copy, Questions filter); quora_ctet_search_2026-10-01",2,,quora/manual
Which is the best website for CTET online preparation?,CTET,1,coaching / apps / channels,en,,"ctet (Quora, console copy, Questions filter); quora_ctet_search_2026-10-01",2,,quora/manual
Who is the best educator on Unacademy for the CTET?,CTET,1,coaching / apps / channels,en,,"ctet (Quora, console copy, Questions filter); quora_ctet_search_2026-10-01",2,,quora/manual
"What is the difference between CTET, B.ED, TET, and Bl.ed?",CTET,1,compare exams,en,,"ctet (Quora, console copy, Questions filter); quora_ctet_search_2026-10-01",2,,quora/manual
"What is the difference between CTET, TGT and PGT?",CTET,1,compare exams,en,,"ctet (Quora, console copy, Questions filter); quora_ctet_search_2026-10-01",2,,quora/manual
What is the difference between the state TET and the CTET?,CTET,1,compare exams,en,,"ctet (Quora, console copy, Questions filter); quora_ctet_search_2026-10-01",2,,quora/manual
"Which one is best, CTET or state TET?",CTET,1,compare exams,en,,quora_ctet_search_2026-10-01,1,,quora/manual
Are candidates who haven't qualified for the CTET eligible for the DSSSB or not?,CTET,1,eligibility,en,,quora_ctet_search_2026-10-01,1,,quora/manual
Are the graduates who are starting their B.Ed. from the current session eligible for taking the CTET exam?,CTET,1,eligibility,en,,quora_ctet_search_2026-10-01,1,,quora/manual
Can a 12th passed apply for the CTET test?,CTET,1,eligibility,en,yes,quora_ctet_search_2026-10-01,1,,quora/manual
Can a B.Ed student apply for the CTET (1- 5 primary level)?,CTET,1,eligibility,en,,"ctet (Quora, console copy, Questions filter); quora_ctet_search_2026-10-01",2,,quora/manual
Can a B.Tech computer science student apply for the CTET?,CTET,1,eligibility,en,,"ctet (Quora, console copy, Questions filter); quora_ctet_search_2026-10-01",2,,quora/manual
Can a B.Tech holder take the CTET exam?,CTET,1,eligibility,en,yes,quora_ctet_search_2026-10-01,1,,quora/manual
Can a B.Tech student apply for the CTET exam?,CTET,1,eligibility,en,,"ctet (Quora, console copy, Questions filter); quora_ctet_search_2026-10-01",2,,quora/manual
Can a BEd (2year) holder apply for the CTET?,CTET,1,eligibility,en,,quora_ctet_search_2026-10-01,1,,quora/manual
Can a commerce student apply for the CTET exam?,CTET,1,eligibility,en,,"ctet (Quora, console copy, Questions filter); quora_ctet_search_2026-10-01",2,,quora/manual
Can a graduate apply for CTET?,CTET,1,eligibility,en,,"ctet (Quora, console copy, Questions filter); quora_ctet_search_2026-10-01",2,,quora/manual
Can a trainee teacher of NIOS D.El.Ed apply for the CTET exam?,CTET,1,eligibility,en,,"ctet (Quora, console copy, Questions filter); quora_ctet_search_2026-10-01",2,,quora/manual
Can B.Ed holders apply for CTET grade 1?,CTET,1,eligibility,en,yes,quora_ctet_search_2026-10-01,1,,quora/manual
Can I apply for CTET without a B.Ed?,CTET,1,eligibility,en,,"ctet (Quora, console copy, Questions filter); quora_ctet_search_2026-10-01",2,,quora/manual
Can I apply for the CTET during the exam for B.Ed 1st year?,CTET,1,eligibility,en,,quora_ctet_search_2026-10-01,1,,quora/manual
Do reputed schools in Delhi NCR give preference in recruitment to job aspirants for primary teachers with B.Ed and CTET qualification as compared to D.El.Ed and CTET qualification holders?,CTET,1,eligibility,en,yes,quora_ctet_search_2026-10-01,1,,quora/manual
Does one need to do b.Ed after he does MCA to apply for Ctet?,CTET,1,eligibility,en,,"ctet (Quora, console copy, Questions filter); quora_ctet_search_2026-10-01",2,,quora/manual
How commerce students fill ctet?,CTET,1,eligibility,en,,"ctet (Quora, console copy, Questions filter); quora_ctet_search_2026-10-01",2,,quora/manual
I am a B.Tech student. Can I apply for the CTET?,CTET,1,eligibility,en,,"ctet (Quora, console copy, Questions filter); quora_ctet_search_2026-10-01",2,,quora/manual
I don't have 50% in graduation. But I have an M.A and B.ed. Am I eligible for CTET?,CTET,1,eligibility,en,,quora_ctet_search_2026-10-01,1,,quora/manual
"Is a B.Ed compulsory for the CTET exam, or can I take the CTET exam after graduation in a B.A. (Hons) in journalism?",CTET,1,eligibility,en,yes,quora_ctet_search_2026-10-01,1,,quora/manual
Is a ctet qualified candidate also eligible for state board schools?,CTET,1,eligibility,en,,"ctet (Quora, console copy, Questions filter); quora_ctet_search_2026-10-01",2,,quora/manual
Is it necessary to have a B.Ed degree to take the CTET exam?,CTET,1,eligibility,en,yes,quora_ctet_search_2026-10-01,1,,quora/manual
Is it necessary to take the CTET exam after a B.Ed.?,CTET,1,eligibility,en,,"ctet (Quora, console copy, Questions filter); quora_ctet_search_2026-10-01",2,,quora/manual
"What is the eligibility for CTET, and what is the syllabus for CTET?",CTET,1,eligibility,en,,"ctet (Quora, console copy, Questions filter); quora_ctet_search_2026-10-01",2,,quora/manual
What is the eligibility for ctet?,CTET,1,eligibility,en,,"ctet (Quora, console copy, Questions filter); quora_ctet_search_2026-10-01",2,,quora/manual
What is the eligibility for the CTET 2019 exam?,CTET,1,eligibility,en,,"ctet (Quora, console copy, Questions filter); quora_ctet_search_2026-10-01",2,,quora/manual
What is the eligibility for the CTET exam? Can I appear for CTET after a BSc?,CTET,1,eligibility,en,,quora_ctet_search_2026-10-01,1,,quora/manual
What is the further process to apply for a job after passing the CTET exam?,CTET,1,eligibility,en,,"ctet (Quora, console copy, Questions filter); quora_ctet_search_2026-10-01",2,,quora/manual
What is the maximum age of CTET?,CTET,1,eligibility,en,,"ctet (Quora, console copy, Questions filter); quora_ctet_search_2026-10-01",2,,quora/manual
What is the minimum educational qualification for CTET?,CTET,1,eligibility,en,,"ctet (Quora, console copy, Questions filter); quora_ctet_search_2026-10-01",2,,quora/manual
How do I check the CTET results?,CTET,1,exam info / dates / results,en,,quora_ctet_search_2026-10-01,1,,quora/manual
How many times is the CTET exam conducted in a year?,CTET,1,exam info / dates / results,en,yes,quora_ctet_search_2026-10-01,1,,quora/manual
What are the exam dates for the CTET 2020?,CTET,1,exam info / dates / results,en,,"ctet (Quora, console copy, Questions filter); quora_ctet_search_2026-10-01",2,,quora/manual
What are the latest changes in the 2018 CTET exam?,CTET,1,exam info / dates / results,en,yes,quora_ctet_search_2026-10-01,1,,quora/manual
What are the passing marks of the CTET exam?,CTET,1,exam info / dates / results,en,yes,quora_ctet_search_2026-10-01,1,,quora/manual
What is the syllabus of the CTET?,CTET,1,exam info / dates / results,en,,"ctet (Quora, console copy, Questions filter); quora_ctet_search_2026-10-01",2,,quora/manual
When is ctet exam coming this year?,CTET,1,exam info / dates / results,en,yes,quora_ctet_search_2026-10-01,1,,quora/manual
When is the CTET exam coming in the year 2018?,CTET,1,exam info / dates / results,en,,"ctet (Quora, console copy, Questions filter); quora_ctet_search_2026-10-01",2,,quora/manual
When is the CTET exam?,CTET,1,exam info / dates / results,en,,"ctet (Quora, console copy, Questions filter); quora_ctet_search_2026-10-01",2,,quora/manual
When was CTET exam 2024?,CTET,1,exam info / dates / results,en,yes,quora_ctet_search_2026-10-01,1,,quora/manual
When will the CTET 2018 notification be announced?,CTET,1,exam info / dates / results,en,yes,quora_ctet_search_2026-10-01,1,,quora/manual
When will the CTET 2019 be held?,CTET,1,exam info / dates / results,en,yes,quora_ctet_search_2026-10-01,1,,quora/manual
When will the CTET 2019 results be announced?,CTET,1,exam info / dates / results,en,yes,quora_ctet_search_2026-10-01,1,,quora/manual
When will the CTET exam 2022 be conducted?,CTET,1,exam info / dates / results,en,yes,quora_ctet_search_2026-10-01,1,,quora/manual
Who is the topper of CTET exam 2019?,CTET,1,exam info / dates / results,en,,"ctet (Quora, console copy, Questions filter); quora_ctet_search_2026-10-01",2,,quora/manual
How do I get a teacher job in government schools after clearing the CTET exam?,CTET,1,jobs / career,en,,"ctet (Quora, console copy, Questions filter); quora_ctet_search_2026-10-01",2,,quora/manual
How do I get job after passing ctet?,CTET,1,jobs / career,en,,"ctet (Quora, console copy, Questions filter); quora_ctet_search_2026-10-01",2,,quora/manual
Is CTET compulsory for the post of PGTs in Kendriya Vidyalaya?,CTET,1,jobs / career,en,,"ctet (Quora, console copy, Questions filter); quora_ctet_search_2026-10-01",2,,quora/manual
Is CTET mandatory for PGT?,CTET,1,jobs / career,en,,"ctet (Quora, console copy, Questions filter); quora_ctet_search_2026-10-01",2,,quora/manual
What is next to the CTET exam?,CTET,1,jobs / career,en,,"ctet (Quora, console copy, Questions filter); quora_ctet_search_2026-10-01",2,,quora/manual
"What is TGT, PGT, CTET, JRF?",CTET,1,jobs / career,en,,"ctet (Quora, console copy, Questions filter); quora_ctet_search_2026-10-01",2,,quora/manual
What kind of job does one get on clearing CTET?,CTET,1,jobs / career,en,,"ctet (Quora, console copy, Questions filter); quora_ctet_search_2026-10-01",2,,quora/manual
What salary could I get in a CBSE school after passing the CTET?,CTET,1,jobs / career,en,,quora_ctet_search_2026-10-01,1,,quora/manual
What are the best CTET practice sets for 2019?,CTET,1,mock tests,en,,"ctet (Quora, console copy, Questions filter); quora_ctet_search_2026-10-01",2,,quora/manual
Where can I get a free CTET exam mock test series online?,CTET,1,mock tests,en,,"ctet (Quora, console copy, Questions filter); quora_ctet_search_2026-10-01",2,,quora/manual
Which mock test is best for both papers of the CTET?,CTET,1,mock tests,en,,"ctet (Quora, console copy, Questions filter); quora_ctet_search_2026-10-01",2,,quora/manual
Are there any other exams after passing the CTET exam?,CTET,1,other,en,,"ctet (Quora, console copy, Questions filter); quora_ctet_search_2026-10-01",2,,quora/manual
Can I write Tamil as a second language in the CTET?,CTET,1,other,en,,quora_ctet_search_2026-10-01,1,,quora/manual
"Can someone who has taken the CTET (teaching) exam, tell about it?",CTET,1,other,en,,"ctet (Quora, console copy, Questions filter); quora_ctet_search_2026-10-01",2,,quora/manual
Will the CTET be held in 2017?,CTET,1,other,en,,quora_ctet_search_2026-10-01,1,,quora/manual
"After qualify as a CTET TGT, can I pursue post-graduation to become a CTET PGT?",CTET,1,preparation strategy,en,,quora_ctet_search_2026-10-01,1,,quora/manual
How can I prepare for the CTET in 2 months?,CTET,1,preparation strategy,en,,"ctet (Quora, console copy, Questions filter); quora_ctet_search_2026-10-01",2,,quora/manual
How can I qualify CTET?,CTET,1,preparation strategy,en,,"ctet (Quora, console copy, Questions filter); quora_ctet_search_2026-10-01",2,,quora/manual
How do I clear the CTET (teacher eligibility test) exam?,CTET,1,preparation strategy,en,,"ctet (Quora, console copy, Questions filter); quora_ctet_search_2026-10-01",2,,quora/manual
How do I crack the CTET 2020?,CTET,1,preparation strategy,en,yes,quora_ctet_search_2026-10-01,1,,quora/manual
How do I prepare for the CTET in 10 days?,CTET,1,preparation strategy,en,,quora_ctet_search_2026-10-01,1,,quora/manual
How do you start CTET preparation?,CTET,1,preparation strategy,en,,quora_ctet_search_2026-10-01,1,,quora/manual
How many months are required to prepare for CTET exam?,CTET,1,preparation strategy,en,,"ctet (Quora, console copy, Questions filter); quora_ctet_search_2026-10-01",2,,quora/manual
How should I start preparing for the CTET paper 2?,CTET,1,preparation strategy,en,,"ctet (Quora, console copy, Questions filter); quora_ctet_search_2026-10-01",2,,quora/manual
"Is it enough to qualify for the CTET, or should you go for a high score?",CTET,1,preparation strategy,en,yes,quora_ctet_search_2026-10-01,1,,quora/manual
What after qualifying ctet with good percentage?,CTET,1,preparation strategy,en,,quora_ctet_search_2026-10-01,1,,quora/manual
What are the job prospects after qualifying for the CTET (Primary)?,CTET,1,preparation strategy,en,,quora_ctet_search_2026-10-01,1,,quora/manual
What do you mean by BED and CTET? Is it necessary to have a B.Ed degree to qualify for the CTet?,CTET,1,preparation strategy,en,,quora_ctet_search_2026-10-01,1,,quora/manual
What is CTET? What are the eligibility conditions for appearing in CTET? Does a candidate automatically get a teaching job on qualifying the CTET?,CTET,1,preparation strategy,en,yes,"ctet (Quora, console copy, Questions filter); quora_ctet_search_2026-10-01",4,,quora/manual
What is the best way to crack the CTET 2019?,CTET,1,preparation strategy,en,yes,quora_ctet_search_2026-10-01,1,,quora/manual
Why is CTET score useful? What help will it be to clear CTET,CTET,1,preparation strategy,en,,"ctet (Quora, console copy, Questions filter); quora_ctet_search_2026-10-01",2,,quora/manual
"By mistake my father's name in ctet marksheet has been misspelt, will my ctet certificate be rejected in schools?",CTET,1,validity / certificate,en,,"ctet (Quora, console copy, Questions filter); quora_ctet_search_2026-10-01",2,,quora/manual
I have passed CTET before completion of my B.Ed. Is my CTET valid after completing my B.Ed?,CTET,1,validity / certificate,en,,"ctet (Quora, console copy, Questions filter); quora_ctet_search_2026-10-01",2,,quora/manual
"If I have passed my CTET before my D.El.ed 2nd year exams, Is this CTET valid?",CTET,1,validity / certificate,en,yes,quora_ctet_search_2026-10-01,1,,quora/manual
"If I qualify for the CTET exam and I have just taken admission in the 1st year of a B.Ed., would that CTET qualified exam be valid?",CTET,1,validity / certificate,en,,quora_ctet_search_2026-10-01,1,,quora/manual
Is the CTET 2019 certificate valid for a lifetime?,CTET,1,validity / certificate,en,,quora_ctet_search_2026-10-01,1,,quora/manual
What is the benefit of clearing the CTET?,CTET,1,what is / basics,en,,"ctet (Quora, console copy, Questions filter); quora_ctet_search_2026-10-01",2,,quora/manual
What is the CTET?,CTET,1,what is / basics,en,,"ctet (Quora, console copy, Questions filter); quora_ctet_search_2026-10-01",2,,quora/manual
