exam,paper_or_category,questions,marks,duration_minutes,negative_marking,sections_and_marks,paper_languages,pass_marks_general,pass_marks_reserved,certificate_validity,latest_notification_date,source_name,source_url,status,verified_on
CTET,Paper 1,150,150,150,No,CDP 30; Lang I 30; Lang II 30; Maths 30; EVS 30,Bilingual Hindi/English main paper; Lang I/II chosen from list,60% (90) per NCTE 2011 notification,Bulletin gives no separate cutoff; schools may give concessions per own policy (so the 55%/82 figure in the strategy doc is NOT in this bulletin),Lifetime for all categories,2026-05-11,CTET Sept 2026 Information Bulletin (sections 7 9 11),../syllabi/CTET_Sep2026_Information_Bulletin.pdf,VERIFIED (bulletin text),2026-10-01
CTET,Paper 2,150,150,150,No,CDP 30; Lang I 30; Lang II 30; Maths+Science 60 OR Social Studies 60,Bilingual Hindi/English main paper; Lang I/II chosen from list,60% (90) per NCTE 2011 notification,As above,Lifetime for all categories,2026-05-11,CTET Sept 2026 Information Bulletin (sections 7 9 11),../syllabi/CTET_Sep2026_Information_Bulletin.pdf,VERIFIED (bulletin text),2026-10-01
KTET,Category 1 (classes 1-5),150,150,150,No,Part I: CDP (age 6-11) 30; Maths 30; EVS 30. Part II: Language I 30. Part III: Language II 30 (English/Arabic; Arabic only for those qualified as Arabic teachers),"Question paper in Malayalam, English, Kannada, Tamil (except language subjects). Exam 14/11/2026 10.00-12.30",60% (90 marks),SC/ST/OBC/OEC 55% (82); PH 50% (75) - per GO(P) 18/2017 cited in notification,Not stated on pages read (check section 20),2026-09-18,"K-TET Sept 2026 Notification (read as page images, printed pp.3,9-17)",../syllabi/KTET_Sep2026_Notification.pdf,VERIFIED (read from PDF page images),2026-10-01
KTET,Category 2 (classes 6-8),150,150,150,No,"Part I: CDP (age 11-14) 30; plus 60 for Maths+Science OR Social Science (other teachers choose either). Part II: Language I 30. Part III: Language II 30 (Malayalam/English, other than Language I)","Paper in Malayalam, English, Kannada, Tamil. Exam 14/11/2026 2.00-4.30 pm",60% (90 marks),SC/ST/OBC/OEC 55% (82); PH 50% (75) - per GO(P) 18/2017 cited in notification,Not stated on pages read (check section 20),2026-09-18,"K-TET Sept 2026 Notification (read as page images, printed pp.3,9-17)",../syllabi/KTET_Sep2026_Notification.pdf,VERIFIED (read from PDF page images),2026-10-01
KTET,Category 3 (high school),150,150,150,No,"Part I: Adolescent psychology, learning theories, teaching aptitude 40; Part II: Language I 30; Part III: subject-specific content and pedagogy 80",Paper in English only (except language subjects). Exam 15/11/2026 10.00-12.30,60% (90 marks),SC/ST/OBC/OEC 55% (82); PH 50% (75) - per GO(P) 18/2017 cited in notification,Not stated on pages read (check section 20),2026-09-18,"K-TET Sept 2026 Notification (read as page images, printed pp.3,9-17)",../syllabi/KTET_Sep2026_Notification.pdf,VERIFIED (read from PDF page images),2026-10-01
KTET,Category 4 (language and specialist teachers),150,150,150,No,Part I: CDP (age 6-14) / teaching aptitude 30; Part II: Language I 40; Part III: subject-specific 80,"Paper in Malayalam, English, Kannada, Tamil (except language). Exam 15/11/2026 2.00-4.30 pm",60% (90 marks),SC/ST/OBC/OEC 55% (82); PH 50% (75) - per GO(P) 18/2017 cited in notification,Not stated on pages read (check section 20),2026-09-18,"K-TET Sept 2026 Notification (read as page images, printed pp.3,9-17)",../syllabi/KTET_Sep2026_Notification.pdf,VERIFIED (read from PDF page images),2026-10-01
REET,Level 1 (classes 1-5),150,150,150,"No negative marking for wrong answers. OMR has a 5th option E for 'skip': a question with none of the 5 options marked loses 1/3 mark, and >10% such questions makes the candidate ineligible",CDP (age 6-11) 30; Language I 30; Language II 30; Maths 30; EVS 30,Hindi/English/Sanskrit/Urdu/Sindhi/Punjabi/Gujarati for Lang I and II; rest of paper bilingual Hindi-English; difficulty up to class 10 level,60%,"ST non-TSP 55 / TSP 36; SC, OBC, MBC, EWS 55; widows, divorced women, ex-servicemen 50; PwD 40; Sahariya 36 (percent)","Lifetime (per Rajasthan govt letter dated 16.03.2022, cited in notification)",2024-12-12,"REET-2024 Notification no. 01/2024 dated 12.12.2024 (BSER Ajmer), read as page images pp.4-7",../syllabi/REET_2024_Notification.pdf,VERIFIED (read from PDF page images; cycle: exam from 27.02.2025),2026-10-01
REET,Level 2 (classes 6-8),150,150,150,"No negative marking for wrong answers. OMR has a 5th option E for 'skip': a question with none of the 5 options marked loses 1/3 mark, and >10% such questions makes the candidate ineligible",CDP (age 11-14) 30; Language I 30; Language II 30; Section IV 60 (Maths+Science OR Social Studies; other teachers choose either),Same language list; bilingual; difficulty up to class 12 level,60%,"ST non-TSP 55 / TSP 36; SC, OBC, MBC, EWS 55; widows, divorced women, ex-servicemen 50; PwD 40; Sahariya 36 (percent)","Lifetime (per Rajasthan govt letter dated 16.03.2022, cited in notification)",2024-12-12,"REET-2024 Notification no. 01/2024 dated 12.12.2024 (BSER Ajmer), read as page images pp.4-7",../syllabi/REET_2024_Notification.pdf,VERIFIED (read from PDF page images; cycle: exam from 27.02.2025),2026-10-01
MPTET,2026 Primary (in-service teachers only) - not a Varg 1/2/3 recruitment-type TET,150,150,150,No (ऋणात्मक मूल्यांकन नहीं),CDP 30; Language I 30; Language II 30 (Hindi/English/Sanskrit/Urdu); Maths 30; EVS 30,"Hindi/English medium; questions based on MP class 1-5 curriculum, difficulty up to high-school level",60% (others),50% for SC/ST/OBC/PwD/EWS,Not stated in pages read; result NOT valid for direct recruitment,2026-09-04 (revised rulebook; original 2026-08-17),MPESB Eligibility Test 2026 for in-service teachers rulebook (SC order 01.09.2025); exam 12.10.2026; fee Rs 1000,../syllabi/MPTET_2026_MSPSTET_Rulebook_17082026.pdf,"VERIFIED (read as page images, pp.1-13)",2026-10-01
UPTET,Paper 1 (classes 1-5),150,150,150,No,CDP 30; Language I Hindi 30; Language II English/Urdu/Sanskrit 30; Maths 30; EVS 30,Hindi (Language I); Language II English/Urdu/Sanskrit,Not in syllabus PDF,Not in syllabus PDF,Not in syllabus PDF,Syllabus PDFs created 2026-01-14 (no notification date),UPESSC UPTET structure and syllabus PDFs (supplied by user),../syllabi/UPTET_Primary_syllabus.pdf,VERIFIED for structure and syllabus (read as page images); cutoffs and validity NOT verified,2026-10-01
UPTET,Paper 2 (classes 6-8),150,150,150,No,CDP 30; Language I Hindi 30; Language II English/Urdu/Sanskrit 30; Maths+Science 60 OR Social Studies 60 (others: either),Hindi (Language I); Language II English/Urdu/Sanskrit,Not in syllabus PDF,Not in syllabus PDF,Not in syllabus PDF,Syllabus PDFs created 2026-01-14 (no notification date),UPESSC UPTET structure and syllabus PDFs (supplied by user),../syllabi/UPTET_Upper_Primary_syllabus.pdf,VERIFIED for structure and syllabus (read as page images); cutoffs and validity NOT verified,2026-10-01
HTET,Level 1 PRT (classes 1-5),150,150,150,No,"CDP 30; Languages 30 (Hindi 15 + English 15); General Studies 30 (Quantitative Aptitude 10, Reasoning 10, Haryana GK 10); Maths 30; EVS 30",Questions bilingual Hindi/English except language subjects,60% (90 marks),SC and differently abled of Haryana domicile 55% (82); SC and differently abled of other states 60% (90),"Lifetime for all levels, from issue date; unlimited attempts; improvement attempts allowed (bulletin section 9)","2025-12-24 (HTET-2025 bulletin); HTET-2026 only announced (public notice, no dates, ~2026-09-30)","HTET-2025 Information Bulletin (pp.13-16, section 9), read as page images",../syllabi/HTET_2025_Information_Bulletin.pdf,VERIFIED (read from PDF page images),2026-10-01
HTET,Level 2 TGT (classes 6-8),150,150,150,No,CDP 30; Languages 30 (Hindi 15 + English 15); General Studies 30 (as above); Subject-specific 60,Questions bilingual Hindi/English except language subjects,60% (90 marks),SC and differently abled of Haryana domicile 55% (82); SC and differently abled of other states 60% (90),"Lifetime for all levels, from issue date; unlimited attempts; improvement attempts allowed (bulletin section 9)","2025-12-24 (HTET-2025 bulletin); HTET-2026 only announced (public notice, no dates, ~2026-09-30)","HTET-2025 Information Bulletin (pp.13-16, section 9), read as page images",../syllabi/HTET_2025_Information_Bulletin.pdf,VERIFIED (read from PDF page images),2026-10-01
HTET,Level 3 PGT (classes 9-12) - out of CTET scope,150,150,150,No,CDP 30; Languages 30; General Studies 30; Subject-specific 60 (post-graduate level),Questions bilingual Hindi/English except language subjects,60% (90 marks),SC and differently abled of Haryana domicile 55% (82); SC and differently abled of other states 60% (90),"Lifetime for all levels, from issue date; unlimited attempts; improvement attempts allowed (bulletin section 9)","2025-12-24 (HTET-2025 bulletin); HTET-2026 only announced (public notice, no dates, ~2026-09-30)","HTET-2025 Information Bulletin (pp.13-16, section 9), read as page images",../syllabi/HTET_2025_Information_Bulletin.pdf,VERIFIED (read from PDF page images),2026-10-01
