topic_id,subject,topic,subtopic,ctet_p1,ctet_p2,ktet_c1,ktet_c2,ktet_c3,ktet_c4,uptet,reet_l1,reet_l2,htet,bihar_stet,mptet,source_ref,confidence,verified_by_me,notes
CDP-DEV-CONCEPT,Child Development and Pedagogy,Concept of development and its relationship with learning,Child Development,Y,Y,Same,Same,Similar,Not found,Same,Same,Same,Same,,Same,"CTET Sep 2026 bulletin, Appendix I",Low,N,"Same list in both papers; P1 age 6-11, P2 age 11-14; KTET columns: first-pass mapping from 2012 SCERT syllabus PDFs, unverified; REET columns: first-pass mapping from 2016 BSER syllabus files (not the 2024 notification), unverified; MPTET column: 2026 in-service eligibility test (primary), rulebook pp.7-13; EVS content/pedagogy listing incomplete in file; UPTET column: judged against UPESSC UPTET syllabus PDFs (Primary / Upper Primary, Jan 2026), unverified; HTET column: from a pasted summary of unknown source (official bulletin has structure and sample questions only); LOW confidence, verify"
CDP-DEV-PRINCIPLES,Child Development and Pedagogy,Principles of the development of children,Child Development,Y,Y,Same,Same,Same,Not found,Similar,Same,Same,Same,,Same,"CTET Sep 2026 bulletin, Appendix I",Low,N,"Same list in both papers; P1 age 6-11, P2 age 11-14; KTET columns: first-pass mapping from 2012 SCERT syllabus PDFs, unverified; REET columns: first-pass mapping from 2016 BSER syllabus files (not the 2024 notification), unverified; MPTET column: 2026 in-service eligibility test (primary), rulebook pp.7-13; EVS content/pedagogy listing incomplete in file; UPTET column: judged against UPESSC UPTET syllabus PDFs (Primary / Upper Primary, Jan 2026), unverified; HTET column: from a pasted summary of unknown source (official bulletin has structure and sample questions only); LOW confidence, verify"
CDP-DEV-HEREDITY-ENV,Child Development and Pedagogy,Influence of heredity and environment,Child Development,Y,Y,Same,Same,Same,Not found,Same,Same,Same,Same,,Same,"CTET Sep 2026 bulletin, Appendix I",Low,N,"Same list in both papers; P1 age 6-11, P2 age 11-14; KTET columns: first-pass mapping from 2012 SCERT syllabus PDFs, unverified; REET columns: first-pass mapping from 2016 BSER syllabus files (not the 2024 notification), unverified; MPTET column: 2026 in-service eligibility test (primary), rulebook pp.7-13; EVS content/pedagogy listing incomplete in file; UPTET column: judged against UPESSC UPTET syllabus PDFs (Primary / Upper Primary, Jan 2026), unverified; HTET column: from a pasted summary of unknown source (official bulletin has structure and sample questions only); LOW confidence, verify"
CDP-DEV-SOCIALIZATION,Child Development and Pedagogy,"Socialization processes: teacher, parents, peers",Child Development,Y,Y,Not found,Same,Not found,Not found,Similar,Not found,Not found,Same,,Same,"CTET Sep 2026 bulletin, Appendix I",Low,N,"Same list in both papers; P1 age 6-11, P2 age 11-14; KTET columns: first-pass mapping from 2012 SCERT syllabus PDFs, unverified; REET columns: first-pass mapping from 2016 BSER syllabus files (not the 2024 notification), unverified; MPTET column: 2026 in-service eligibility test (primary), rulebook pp.7-13; EVS content/pedagogy listing incomplete in file; UPTET column: judged against UPESSC UPTET syllabus PDFs (Primary / Upper Primary, Jan 2026), unverified; HTET column: from a pasted summary of unknown source (official bulletin has structure and sample questions only); LOW confidence, verify"
CDP-DEV-THEORISTS,Child Development and Pedagogy,"Piaget, Kohlberg and Vygotsky: constructs and critical perspectives",Child Development,Y,Y,Same,Same,Similar,Not found,Similar,Similar,Similar,Same,,Similar,"CTET Sep 2026 bulletin, Appendix I",Low,N,"Same list in both papers; P1 age 6-11, P2 age 11-14; KTET columns: first-pass mapping from 2012 SCERT syllabus PDFs, unverified; REET columns: first-pass mapping from 2016 BSER syllabus files (not the 2024 notification), unverified; MPTET column: 2026 in-service eligibility test (primary), rulebook pp.7-13; EVS content/pedagogy listing incomplete in file; UPTET column: judged against UPESSC UPTET syllabus PDFs (Primary / Upper Primary, Jan 2026), unverified; HTET column: from a pasted summary of unknown source (official bulletin has structure and sample questions only); LOW confidence, verify"
CDP-DEV-PROGRESSIVE-ED,Child Development and Pedagogy,Child-centered and progressive education,Child Development,Y,Y,Same,Same,Not found,Not found,Not found,Not found,Not found,Same,,Same,"CTET Sep 2026 bulletin, Appendix I",Low,N,"Same list in both papers; P1 age 6-11, P2 age 11-14; KTET columns: first-pass mapping from 2012 SCERT syllabus PDFs, unverified; REET columns: first-pass mapping from 2016 BSER syllabus files (not the 2024 notification), unverified; MPTET column: 2026 in-service eligibility test (primary), rulebook pp.7-13; EVS content/pedagogy listing incomplete in file; UPTET column: judged against UPESSC UPTET syllabus PDFs (Primary / Upper Primary, Jan 2026), unverified; HTET column: from a pasted summary of unknown source (official bulletin has structure and sample questions only); LOW confidence, verify"
CDP-DEV-INTELLIGENCE,Child Development and Pedagogy,Critical perspective of the construct of intelligence,Child Development,Y,Y,Same,Same,Similar,Not found,Not found,Same,Same,Same,,Same,"CTET Sep 2026 bulletin, Appendix I",Low,N,"Same list in both papers; P1 age 6-11, P2 age 11-14; KTET columns: first-pass mapping from 2012 SCERT syllabus PDFs, unverified; REET columns: first-pass mapping from 2016 BSER syllabus files (not the 2024 notification), unverified; MPTET column: 2026 in-service eligibility test (primary), rulebook pp.7-13; EVS content/pedagogy listing incomplete in file; UPTET column: judged against UPESSC UPTET syllabus PDFs (Primary / Upper Primary, Jan 2026), unverified; HTET column: from a pasted summary of unknown source (official bulletin has structure and sample questions only); LOW confidence, verify"
CDP-DEV-MULTI-INTEL,Child Development and Pedagogy,Multi-dimensional intelligence,Child Development,Y,Y,Similar,Same,Not found,Not found,Not found,Same,Same,,,Same,"CTET Sep 2026 bulletin, Appendix I",Medium,N,"Same list in both papers; P1 age 6-11, P2 age 11-14; KTET columns: first-pass mapping from 2012 SCERT syllabus PDFs, unverified; REET columns: first-pass mapping from 2016 BSER syllabus files (not the 2024 notification), unverified; MPTET column: 2026 in-service eligibility test (primary), rulebook pp.7-13; EVS content/pedagogy listing incomplete in file; UPTET column: judged against UPESSC UPTET syllabus PDFs (Primary / Upper Primary, Jan 2026), unverified"
CDP-DEV-LANG-THOUGHT,Child Development and Pedagogy,Language and thought,Child Development,Y,Y,Same,Same,Not found,Not found,Similar,Not found,Not found,,,Same,"CTET Sep 2026 bulletin, Appendix I",Medium,N,"Same list in both papers; P1 age 6-11, P2 age 11-14; KTET columns: first-pass mapping from 2012 SCERT syllabus PDFs, unverified; REET columns: first-pass mapping from 2016 BSER syllabus files (not the 2024 notification), unverified; MPTET column: 2026 in-service eligibility test (primary), rulebook pp.7-13; EVS content/pedagogy listing incomplete in file; UPTET column: judged against UPESSC UPTET syllabus PDFs (Primary / Upper Primary, Jan 2026), unverified"
CDP-DEV-GENDER,Child Development and Pedagogy,Gender as a social construct; gender roles and bias,Child Development,Y,Y,Same,Same,Not found,Not found,Similar,Similar,Similar,,,Same,"CTET Sep 2026 bulletin, Appendix I",Medium,N,"Same list in both papers; P1 age 6-11, P2 age 11-14; KTET columns: first-pass mapping from 2012 SCERT syllabus PDFs, unverified; REET columns: first-pass mapping from 2016 BSER syllabus files (not the 2024 notification), unverified; MPTET column: 2026 in-service eligibility test (primary), rulebook pp.7-13; EVS content/pedagogy listing incomplete in file; UPTET column: judged against UPESSC UPTET syllabus PDFs (Primary / Upper Primary, Jan 2026), unverified"
CDP-DEV-INDIV-DIFF,Child Development and Pedagogy,"Individual differences; diversity of language, caste, gender, community, religion",Child Development,Y,Y,Same,Same,Not found,Not found,Similar,Same,Same,Same,,Same,"CTET Sep 2026 bulletin, Appendix I",Low,N,"Same list in both papers; P1 age 6-11, P2 age 11-14; KTET columns: first-pass mapping from 2012 SCERT syllabus PDFs, unverified; REET columns: first-pass mapping from 2016 BSER syllabus files (not the 2024 notification), unverified; MPTET column: 2026 in-service eligibility test (primary), rulebook pp.7-13; EVS content/pedagogy listing incomplete in file; UPTET column: judged against UPESSC UPTET syllabus PDFs (Primary / Upper Primary, Jan 2026), unverified; HTET column: from a pasted summary of unknown source (official bulletin has structure and sample questions only); LOW confidence, verify"
CDP-DEV-ASSESSMENT,Child Development and Pedagogy,"Assessment for learning vs of learning; school-based assessment, CCE",Child Development,Y,Y,Same,Same,Similar,Not found,Not found,Same,Same,Same,,Same,"CTET Sep 2026 bulletin, Appendix I",Low,N,"Same list in both papers; P1 age 6-11, P2 age 11-14; KTET columns: first-pass mapping from 2012 SCERT syllabus PDFs, unverified; REET columns: first-pass mapping from 2016 BSER syllabus files (not the 2024 notification), unverified; MPTET column: 2026 in-service eligibility test (primary), rulebook pp.7-13; EVS content/pedagogy listing incomplete in file; UPTET column: judged against UPESSC UPTET syllabus PDFs (Primary / Upper Primary, Jan 2026), unverified; HTET column: from a pasted summary of unknown source (official bulletin has structure and sample questions only); LOW confidence, verify"
CDP-DEV-QUESTIONING,Child Development and Pedagogy,"Formulating questions to assess readiness, learning and critical thinking",Child Development,Y,Y,Similar,Similar,Not found,Not found,Not found,Similar,Similar,,,Same,"CTET Sep 2026 bulletin, Appendix I",Medium,N,"Same list in both papers; P1 age 6-11, P2 age 11-14; KTET columns: first-pass mapping from 2012 SCERT syllabus PDFs, unverified; REET columns: first-pass mapping from 2016 BSER syllabus files (not the 2024 notification), unverified; MPTET column: 2026 in-service eligibility test (primary), rulebook pp.7-13; EVS content/pedagogy listing incomplete in file; UPTET column: judged against UPESSC UPTET syllabus PDFs (Primary / Upper Primary, Jan 2026), unverified"
CDP-INCL-DIVERSE,Child Development and Pedagogy,"Learners from diverse, disadvantaged and deprived backgrounds",Inclusive education and special needs,Y,Y,Same,Same,Similar,Not found,Same,Same,Same,Same,,Same,"CTET Sep 2026 bulletin, Appendix I",Low,N,"Same list in both papers; P1 age 6-11, P2 age 11-14; KTET columns: first-pass mapping from 2012 SCERT syllabus PDFs, unverified; REET columns: first-pass mapping from 2016 BSER syllabus files (not the 2024 notification), unverified; MPTET column: 2026 in-service eligibility test (primary), rulebook pp.7-13; EVS content/pedagogy listing incomplete in file; UPTET column: judged against UPESSC UPTET syllabus PDFs (Primary / Upper Primary, Jan 2026), unverified; HTET column: from a pasted summary of unknown source (official bulletin has structure and sample questions only); LOW confidence, verify"
CDP-INCL-LD-IMPAIR,Child Development and Pedagogy,Children with learning difficulties and impairment,Inclusive education and special needs,Y,Y,Same,Same,Similar,Not found,Same,Same,Same,Same,,Same,"CTET Sep 2026 bulletin, Appendix I",Low,N,"Same list in both papers; P1 age 6-11, P2 age 11-14; KTET columns: first-pass mapping from 2012 SCERT syllabus PDFs, unverified; REET columns: first-pass mapping from 2016 BSER syllabus files (not the 2024 notification), unverified; MPTET column: 2026 in-service eligibility test (primary), rulebook pp.7-13; EVS content/pedagogy listing incomplete in file; UPTET column: judged against UPESSC UPTET syllabus PDFs (Primary / Upper Primary, Jan 2026), unverified; HTET column: from a pasted summary of unknown source (official bulletin has structure and sample questions only); LOW confidence, verify"
CDP-INCL-TALENTED,Child Development and Pedagogy,"Talented, creative and specially abled learners",Inclusive education and special needs,Y,Y,Same,Same,Similar,Not found,Not found,Same,Same,Same,,Same,"CTET Sep 2026 bulletin, Appendix I",Low,N,"Same list in both papers; P1 age 6-11, P2 age 11-14; KTET columns: first-pass mapping from 2012 SCERT syllabus PDFs, unverified; REET columns: first-pass mapping from 2016 BSER syllabus files (not the 2024 notification), unverified; MPTET column: 2026 in-service eligibility test (primary), rulebook pp.7-13; EVS content/pedagogy listing incomplete in file; UPTET column: judged against UPESSC UPTET syllabus PDFs (Primary / Upper Primary, Jan 2026), unverified; HTET column: from a pasted summary of unknown source (official bulletin has structure and sample questions only); LOW confidence, verify"
CDP-LRN-THINK-LEARN,Child Development and Pedagogy,How children think and learn; why children fail in school,Learning and Pedagogy,Y,Y,Same,Similar,Similar,Not found,Same,Same,Same,Same,,Same,"CTET Sep 2026 bulletin, Appendix I",Low,N,"Same list in both papers; P1 age 6-11, P2 age 11-14; KTET columns: first-pass mapping from 2012 SCERT syllabus PDFs, unverified; REET columns: first-pass mapping from 2016 BSER syllabus files (not the 2024 notification), unverified; MPTET column: 2026 in-service eligibility test (primary), rulebook pp.7-13; EVS content/pedagogy listing incomplete in file; UPTET column: judged against UPESSC UPTET syllabus PDFs (Primary / Upper Primary, Jan 2026), unverified; HTET column: from a pasted summary of unknown source (official bulletin has structure and sample questions only); LOW confidence, verify"
CDP-LRN-T-L-PROCESS,Child Development and Pedagogy,Basic processes of teaching and learning; learning as a social activity,Learning and Pedagogy,Y,Y,Same,Same,Similar,Not found,Same,Similar,Similar,Same,,Same,"CTET Sep 2026 bulletin, Appendix I",Low,N,"Same list in both papers; P1 age 6-11, P2 age 11-14; KTET columns: first-pass mapping from 2012 SCERT syllabus PDFs, unverified; REET columns: first-pass mapping from 2016 BSER syllabus files (not the 2024 notification), unverified; MPTET column: 2026 in-service eligibility test (primary), rulebook pp.7-13; EVS content/pedagogy listing incomplete in file; UPTET column: judged against UPESSC UPTET syllabus PDFs (Primary / Upper Primary, Jan 2026), unverified; HTET column: from a pasted summary of unknown source (official bulletin has structure and sample questions only); LOW confidence, verify"
CDP-LRN-PROBLEM-SOLVER,Child Development and Pedagogy,Child as problem solver and scientific investigator,Learning and Pedagogy,Y,Y,Same,Similar,Not found,Not found,Same,Not found,Similar,Same,,Same,"CTET Sep 2026 bulletin, Appendix I",Low,N,"Same list in both papers; P1 age 6-11, P2 age 11-14; KTET columns: first-pass mapping from 2012 SCERT syllabus PDFs, unverified; REET columns: first-pass mapping from 2016 BSER syllabus files (not the 2024 notification), unverified; MPTET column: 2026 in-service eligibility test (primary), rulebook pp.7-13; EVS content/pedagogy listing incomplete in file; UPTET column: judged against UPESSC UPTET syllabus PDFs (Primary / Upper Primary, Jan 2026), unverified; HTET column: from a pasted summary of unknown source (official bulletin has structure and sample questions only); LOW confidence, verify"
CDP-LRN-ERRORS,Child Development and Pedagogy,Alternative conceptions; errors as steps in learning,Learning and Pedagogy,Y,Y,Same,Not found,Not found,Not found,Same,Not found,Not found,,,Same,"CTET Sep 2026 bulletin, Appendix I",Medium,N,"Same list in both papers; P1 age 6-11, P2 age 11-14; KTET columns: first-pass mapping from 2012 SCERT syllabus PDFs, unverified; REET columns: first-pass mapping from 2016 BSER syllabus files (not the 2024 notification), unverified; MPTET column: 2026 in-service eligibility test (primary), rulebook pp.7-13; EVS content/pedagogy listing incomplete in file; UPTET column: judged against UPESSC UPTET syllabus PDFs (Primary / Upper Primary, Jan 2026), unverified"
CDP-LRN-COG-EMO,Child Development and Pedagogy,Cognition and emotions,Learning and Pedagogy,Y,Y,Same,Same,Not found,Not found,Similar,Not found,Not found,Same,,Same,"CTET Sep 2026 bulletin, Appendix I",Low,N,"Same list in both papers; P1 age 6-11, P2 age 11-14; KTET columns: first-pass mapping from 2012 SCERT syllabus PDFs, unverified; REET columns: first-pass mapping from 2016 BSER syllabus files (not the 2024 notification), unverified; MPTET column: 2026 in-service eligibility test (primary), rulebook pp.7-13; EVS content/pedagogy listing incomplete in file; UPTET column: judged against UPESSC UPTET syllabus PDFs (Primary / Upper Primary, Jan 2026), unverified; HTET column: from a pasted summary of unknown source (official bulletin has structure and sample questions only); LOW confidence, verify"
CDP-LRN-MOTIVATION,Child Development and Pedagogy,Motivation and learning,Learning and Pedagogy,Y,Y,Same,Same,Similar,Not found,Same,Same,Same,Same,,Same,"CTET Sep 2026 bulletin, Appendix I",Low,N,"Same list in both papers; P1 age 6-11, P2 age 11-14; KTET columns: first-pass mapping from 2012 SCERT syllabus PDFs, unverified; REET columns: first-pass mapping from 2016 BSER syllabus files (not the 2024 notification), unverified; MPTET column: 2026 in-service eligibility test (primary), rulebook pp.7-13; EVS content/pedagogy listing incomplete in file; UPTET column: judged against UPESSC UPTET syllabus PDFs (Primary / Upper Primary, Jan 2026), unverified; HTET column: from a pasted summary of unknown source (official bulletin has structure and sample questions only); LOW confidence, verify"
CDP-LRN-FACTORS,Child Development and Pedagogy,Factors contributing to learning: personal and environmental,Learning and Pedagogy,Y,Y,Same,Same,Similar,Not found,Same,Same,Same,Same,,Same,"CTET Sep 2026 bulletin, Appendix I",Low,N,"Same list in both papers; P1 age 6-11, P2 age 11-14; KTET columns: first-pass mapping from 2012 SCERT syllabus PDFs, unverified; REET columns: first-pass mapping from 2016 BSER syllabus files (not the 2024 notification), unverified; MPTET column: 2026 in-service eligibility test (primary), rulebook pp.7-13; EVS content/pedagogy listing incomplete in file; UPTET column: judged against UPESSC UPTET syllabus PDFs (Primary / Upper Primary, Jan 2026), unverified; HTET column: from a pasted summary of unknown source (official bulletin has structure and sample questions only); LOW confidence, verify"
LANG-L1-COMP,Language I,"Comprehension: unseen passages, inference, grammar, verbal ability",Comprehension,Y,Y,Similar,Similar,Similar,Not found,Same,,,Same,,Same,"CTET Sep 2026 bulletin, Appendix I",Low,N,"L1: one prose/drama + one poem. Actual language depends on candidate choice; KTET columns: first-pass mapping from 2012 SCERT syllabus PDFs, unverified; MPTET column: 2026 in-service eligibility test (primary), rulebook pp.7-13; EVS content/pedagogy listing incomplete in file; UPTET column: judged against UPESSC UPTET syllabus PDFs (Primary / Upper Primary, Jan 2026), unverified; HTET column: from a pasted summary of unknown source (official bulletin has structure and sample questions only); LOW confidence, verify"
LANG-L1-PED-ACQ,Language I,Learning and acquisition,Pedagogy of Language Development,Y,Y,Similar,Similar,Not found,Similar,Same,,,Not found,,Same,"CTET Sep 2026 bulletin, Appendix I",Low,N,"KTET columns: first-pass mapping from 2012 SCERT syllabus PDFs, unverified; MPTET column: 2026 in-service eligibility test (primary), rulebook pp.7-13; EVS content/pedagogy listing incomplete in file; UPTET column: judged against UPESSC UPTET syllabus PDFs (Primary / Upper Primary, Jan 2026), unverified; HTET column: from a pasted summary of unknown source (official bulletin has structure and sample questions only); LOW confidence, verify"
LANG-L1-PED-PRINC,Language I,Principles of language teaching,Pedagogy of Language Development,Y,Y,Similar,Similar,Not found,Similar,Same,,,Not found,,Same,"CTET Sep 2026 bulletin, Appendix I",Low,N,"KTET columns: first-pass mapping from 2012 SCERT syllabus PDFs, unverified; MPTET column: 2026 in-service eligibility test (primary), rulebook pp.7-13; EVS content/pedagogy listing incomplete in file; UPTET column: judged against UPESSC UPTET syllabus PDFs (Primary / Upper Primary, Jan 2026), unverified; HTET column: from a pasted summary of unknown source (official bulletin has structure and sample questions only); LOW confidence, verify"
LANG-L1-PED-LISTEN-SPEAK,Language I,Role of listening and speaking; functions of language,Pedagogy of Language Development,Y,Y,Similar,Similar,Not found,Not found,Same,,,,,Same,"CTET Sep 2026 bulletin, Appendix I",Medium,N,"KTET columns: first-pass mapping from 2012 SCERT syllabus PDFs, unverified; MPTET column: 2026 in-service eligibility test (primary), rulebook pp.7-13; EVS content/pedagogy listing incomplete in file; UPTET column: judged against UPESSC UPTET syllabus PDFs (Primary / Upper Primary, Jan 2026), unverified"
LANG-L1-PED-GRAMMAR,Language I,Critical perspective on role of grammar,Pedagogy of Language Development,Y,Y,Similar,Similar,Not found,Similar,Same,,,,,Same,"CTET Sep 2026 bulletin, Appendix I",Medium,N,"KTET columns: first-pass mapping from 2012 SCERT syllabus PDFs, unverified; MPTET column: 2026 in-service eligibility test (primary), rulebook pp.7-13; EVS content/pedagogy listing incomplete in file; UPTET column: judged against UPESSC UPTET syllabus PDFs (Primary / Upper Primary, Jan 2026), unverified"
LANG-L1-PED-DIVERSE,Language I,"Teaching language in a diverse classroom; difficulties, errors, disorders",Pedagogy of Language Development,Y,Y,Similar,Similar,Not found,Similar,Same,,,,,Same,"CTET Sep 2026 bulletin, Appendix I",Medium,N,"KTET columns: first-pass mapping from 2012 SCERT syllabus PDFs, unverified; MPTET column: 2026 in-service eligibility test (primary), rulebook pp.7-13; EVS content/pedagogy listing incomplete in file; UPTET column: judged against UPESSC UPTET syllabus PDFs (Primary / Upper Primary, Jan 2026), unverified"
LANG-L1-PED-SKILLS,Language I,Language skills,Pedagogy of Language Development,Y,Y,Similar,Similar,Similar,Same,Same,,,,,Similar,"CTET Sep 2026 bulletin, Appendix I",Medium,N,"KTET columns: first-pass mapping from 2012 SCERT syllabus PDFs, unverified; MPTET column: 2026 in-service eligibility test (primary), rulebook pp.7-13; EVS content/pedagogy listing incomplete in file; UPTET column: judged against UPESSC UPTET syllabus PDFs (Primary / Upper Primary, Jan 2026), unverified"
LANG-L1-PED-EVAL,Language I,Evaluating comprehension and proficiency,Pedagogy of Language Development,Y,Y,Similar,Similar,Not found,Same,Same,,,,,Same,"CTET Sep 2026 bulletin, Appendix I",Medium,N,"KTET columns: first-pass mapping from 2012 SCERT syllabus PDFs, unverified; MPTET column: 2026 in-service eligibility test (primary), rulebook pp.7-13; EVS content/pedagogy listing incomplete in file; UPTET column: judged against UPESSC UPTET syllabus PDFs (Primary / Upper Primary, Jan 2026), unverified"
LANG-L1-PED-TLM,Language I,Teaching-learning materials,Pedagogy of Language Development,Y,Y,Similar,Similar,Not found,Same,Same,,,,,Same,"CTET Sep 2026 bulletin, Appendix I",Medium,N,"KTET columns: first-pass mapping from 2012 SCERT syllabus PDFs, unverified; MPTET column: 2026 in-service eligibility test (primary), rulebook pp.7-13; EVS content/pedagogy listing incomplete in file; UPTET column: judged against UPESSC UPTET syllabus PDFs (Primary / Upper Primary, Jan 2026), unverified"
LANG-L1-PED-REMEDIAL,Language I,Remedial teaching,Pedagogy of Language Development,Y,Y,Similar,Similar,Not found,Not found,Same,,,,,Same,"CTET Sep 2026 bulletin, Appendix I",Medium,N,"KTET columns: first-pass mapping from 2012 SCERT syllabus PDFs, unverified; MPTET column: 2026 in-service eligibility test (primary), rulebook pp.7-13; EVS content/pedagogy listing incomplete in file; UPTET column: judged against UPESSC UPTET syllabus PDFs (Primary / Upper Primary, Jan 2026), unverified"
LANG-L2-COMP,Language II,"Comprehension: unseen passages, inference, grammar, verbal ability",Comprehension,Y,Y,Similar,Similar,Similar,Not found,Same,,,Same,,Same,"CTET Sep 2026 bulletin, Appendix I",Low,N,"L2: two prose passages. Actual language depends on candidate choice; KTET columns: first-pass mapping from 2012 SCERT syllabus PDFs, unverified; MPTET column: 2026 in-service eligibility test (primary), rulebook pp.7-13; EVS content/pedagogy listing incomplete in file; UPTET column: judged against UPESSC UPTET syllabus PDFs (Primary / Upper Primary, Jan 2026), unverified; HTET column: from a pasted summary of unknown source (official bulletin has structure and sample questions only); LOW confidence, verify"
LANG-L2-PED-ACQ,Language II,Learning and acquisition,Pedagogy of Language Development,Y,Y,Same,Same,Not found,Similar,Not found,,,Not found,,Same,"CTET Sep 2026 bulletin, Appendix I",Low,N,"KTET columns: first-pass mapping from 2012 SCERT syllabus PDFs, unverified; MPTET column: 2026 in-service eligibility test (primary), rulebook pp.7-13; EVS content/pedagogy listing incomplete in file; UPTET column: judged against UPESSC UPTET syllabus PDFs (Primary / Upper Primary, Jan 2026), unverified; HTET column: from a pasted summary of unknown source (official bulletin has structure and sample questions only); LOW confidence, verify"
LANG-L2-PED-PRINC,Language II,Principles of language teaching,Pedagogy of Language Development,Y,Y,Same,Same,Not found,Similar,Not found,,,Not found,,Same,"CTET Sep 2026 bulletin, Appendix I",Low,N,"KTET columns: first-pass mapping from 2012 SCERT syllabus PDFs, unverified; MPTET column: 2026 in-service eligibility test (primary), rulebook pp.7-13; EVS content/pedagogy listing incomplete in file; UPTET column: judged against UPESSC UPTET syllabus PDFs (Primary / Upper Primary, Jan 2026), unverified; HTET column: from a pasted summary of unknown source (official bulletin has structure and sample questions only); LOW confidence, verify"
LANG-L2-PED-LISTEN-SPEAK,Language II,Role of listening and speaking; functions of language,Pedagogy of Language Development,Y,Y,Similar,Same,Not found,Not found,Not found,,,,,Same,"CTET Sep 2026 bulletin, Appendix I",Medium,N,"KTET columns: first-pass mapping from 2012 SCERT syllabus PDFs, unverified; MPTET column: 2026 in-service eligibility test (primary), rulebook pp.7-13; EVS content/pedagogy listing incomplete in file; UPTET column: judged against UPESSC UPTET syllabus PDFs (Primary / Upper Primary, Jan 2026), unverified"
LANG-L2-PED-GRAMMAR,Language II,Critical perspective on role of grammar,Pedagogy of Language Development,Y,Y,Not found,Same,Not found,Similar,Not found,,,,,Same,"CTET Sep 2026 bulletin, Appendix I",Medium,N,"KTET columns: first-pass mapping from 2012 SCERT syllabus PDFs, unverified; MPTET column: 2026 in-service eligibility test (primary), rulebook pp.7-13; EVS content/pedagogy listing incomplete in file; UPTET column: judged against UPESSC UPTET syllabus PDFs (Primary / Upper Primary, Jan 2026), unverified"
LANG-L2-PED-DIVERSE,Language II,"Teaching language in a diverse classroom; difficulties, errors, disorders",Pedagogy of Language Development,Y,Y,Similar,Same,Not found,Similar,Not found,,,,,Same,"CTET Sep 2026 bulletin, Appendix I",Medium,N,"KTET columns: first-pass mapping from 2012 SCERT syllabus PDFs, unverified; MPTET column: 2026 in-service eligibility test (primary), rulebook pp.7-13; EVS content/pedagogy listing incomplete in file; UPTET column: judged against UPESSC UPTET syllabus PDFs (Primary / Upper Primary, Jan 2026), unverified"
LANG-L2-PED-SKILLS,Language II,Language skills,Pedagogy of Language Development,Y,Y,Same,Same,Similar,Same,Not found,,,Not found,,Same,"CTET Sep 2026 bulletin, Appendix I",Low,N,"KTET columns: first-pass mapping from 2012 SCERT syllabus PDFs, unverified; MPTET column: 2026 in-service eligibility test (primary), rulebook pp.7-13; EVS content/pedagogy listing incomplete in file; UPTET column: judged against UPESSC UPTET syllabus PDFs (Primary / Upper Primary, Jan 2026), unverified; HTET column: from a pasted summary of unknown source (official bulletin has structure and sample questions only); LOW confidence, verify"
LANG-L2-PED-EVAL,Language II,Evaluating comprehension and proficiency,Pedagogy of Language Development,Y,Y,Same,Same,Not found,Same,Not found,,,,,Same,"CTET Sep 2026 bulletin, Appendix I",Medium,N,"KTET columns: first-pass mapping from 2012 SCERT syllabus PDFs, unverified; MPTET column: 2026 in-service eligibility test (primary), rulebook pp.7-13; EVS content/pedagogy listing incomplete in file; UPTET column: judged against UPESSC UPTET syllabus PDFs (Primary / Upper Primary, Jan 2026), unverified"
LANG-L2-PED-TLM,Language II,Teaching-learning materials,Pedagogy of Language Development,Y,Y,Similar,Same,Not found,Same,Not found,,,,,Same,"CTET Sep 2026 bulletin, Appendix I",Medium,N,"KTET columns: first-pass mapping from 2012 SCERT syllabus PDFs, unverified; MPTET column: 2026 in-service eligibility test (primary), rulebook pp.7-13; EVS content/pedagogy listing incomplete in file; UPTET column: judged against UPESSC UPTET syllabus PDFs (Primary / Upper Primary, Jan 2026), unverified"
LANG-L2-PED-REMEDIAL,Language II,Remedial teaching,Pedagogy of Language Development,Y,Y,Not found,Same,Not found,Not found,Not found,,,Not found,,Same,"CTET Sep 2026 bulletin, Appendix I",Low,N,"KTET columns: first-pass mapping from 2012 SCERT syllabus PDFs, unverified; MPTET column: 2026 in-service eligibility test (primary), rulebook pp.7-13; EVS content/pedagogy listing incomplete in file; UPTET column: judged against UPESSC UPTET syllabus PDFs (Primary / Upper Primary, Jan 2026), unverified; HTET column: from a pasted summary of unknown source (official bulletin has structure and sample questions only); LOW confidence, verify"
MATH-P1-CONT-GEOM,Mathematics (Paper 1),Geometry; shapes and spatial understanding,Content,Y,,Similar,Not found,Not found,Not found,Same,Similar,Not found,Same,,Same,"CTET Sep 2026 bulletin, Appendix I",Low,N,"KTET columns: first-pass mapping from 2012 SCERT syllabus PDFs, unverified; REET columns: first-pass mapping from 2016 BSER syllabus files (not the 2024 notification), unverified; MPTET column: 2026 in-service eligibility test (primary), rulebook pp.7-13; EVS content/pedagogy listing incomplete in file; UPTET column: judged against UPESSC UPTET syllabus PDFs (Primary / Upper Primary, Jan 2026), unverified; HTET column: from a pasted summary of unknown source (official bulletin has structure and sample questions only); LOW confidence, verify"
MATH-P1-CONT-SOLIDS,Mathematics (Paper 1),Solids around us,Content,Y,,Not found,Not found,Not found,Not found,Similar,Similar,Not found,Same,,Similar,"CTET Sep 2026 bulletin, Appendix I",Low,N,"KTET columns: first-pass mapping from 2012 SCERT syllabus PDFs, unverified; REET columns: first-pass mapping from 2016 BSER syllabus files (not the 2024 notification), unverified; MPTET column: 2026 in-service eligibility test (primary), rulebook pp.7-13; EVS content/pedagogy listing incomplete in file; UPTET column: judged against UPESSC UPTET syllabus PDFs (Primary / Upper Primary, Jan 2026), unverified; HTET column: from a pasted summary of unknown source (official bulletin has structure and sample questions only); LOW confidence, verify"
MATH-P1-CONT-NUM,Mathematics (Paper 1),Numbers,Content,Y,,Same,Not found,Not found,Not found,Same,Same,Not found,Same,,Same,"CTET Sep 2026 bulletin, Appendix I",Low,N,"KTET columns: first-pass mapping from 2012 SCERT syllabus PDFs, unverified; REET columns: first-pass mapping from 2016 BSER syllabus files (not the 2024 notification), unverified; MPTET column: 2026 in-service eligibility test (primary), rulebook pp.7-13; EVS content/pedagogy listing incomplete in file; UPTET column: judged against UPESSC UPTET syllabus PDFs (Primary / Upper Primary, Jan 2026), unverified; HTET column: from a pasted summary of unknown source (official bulletin has structure and sample questions only); LOW confidence, verify"
MATH-P1-CONT-ADD-SUB,Mathematics (Paper 1),Addition and subtraction,Content,Y,,Same,Not found,Not found,Not found,Same,Same,Not found,Same,,Same,"CTET Sep 2026 bulletin, Appendix I",Low,N,"KTET columns: first-pass mapping from 2012 SCERT syllabus PDFs, unverified; REET columns: first-pass mapping from 2016 BSER syllabus files (not the 2024 notification), unverified; MPTET column: 2026 in-service eligibility test (primary), rulebook pp.7-13; EVS content/pedagogy listing incomplete in file; UPTET column: judged against UPESSC UPTET syllabus PDFs (Primary / Upper Primary, Jan 2026), unverified; HTET column: from a pasted summary of unknown source (official bulletin has structure and sample questions only); LOW confidence, verify"
MATH-P1-CONT-MULT,Mathematics (Paper 1),Multiplication,Content,Y,,Same,Not found,Not found,Not found,Same,Same,Not found,Same,,Same,"CTET Sep 2026 bulletin, Appendix I",Low,N,"KTET columns: first-pass mapping from 2012 SCERT syllabus PDFs, unverified; REET columns: first-pass mapping from 2016 BSER syllabus files (not the 2024 notification), unverified; MPTET column: 2026 in-service eligibility test (primary), rulebook pp.7-13; EVS content/pedagogy listing incomplete in file; UPTET column: judged against UPESSC UPTET syllabus PDFs (Primary / Upper Primary, Jan 2026), unverified; HTET column: from a pasted summary of unknown source (official bulletin has structure and sample questions only); LOW confidence, verify"
MATH-P1-CONT-DIV,Mathematics (Paper 1),Division,Content,Y,,Same,Not found,Not found,Not found,Same,Same,Not found,Same,,Same,"CTET Sep 2026 bulletin, Appendix I",Low,N,"KTET columns: first-pass mapping from 2012 SCERT syllabus PDFs, unverified; REET columns: first-pass mapping from 2016 BSER syllabus files (not the 2024 notification), unverified; MPTET column: 2026 in-service eligibility test (primary), rulebook pp.7-13; EVS content/pedagogy listing incomplete in file; UPTET column: judged against UPESSC UPTET syllabus PDFs (Primary / Upper Primary, Jan 2026), unverified; HTET column: from a pasted summary of unknown source (official bulletin has structure and sample questions only); LOW confidence, verify"
MATH-P1-CONT-MEAS,Mathematics (Paper 1),"Measurement: weight, time, volume",Content,Y,,Same,Not found,Not found,Not found,Same,Same,Not found,Same,,Same,"CTET Sep 2026 bulletin, Appendix I",Low,N,"KTET columns: first-pass mapping from 2012 SCERT syllabus PDFs, unverified; REET columns: first-pass mapping from 2016 BSER syllabus files (not the 2024 notification), unverified; MPTET column: 2026 in-service eligibility test (primary), rulebook pp.7-13; EVS content/pedagogy listing incomplete in file; UPTET column: judged against UPESSC UPTET syllabus PDFs (Primary / Upper Primary, Jan 2026), unverified; HTET column: from a pasted summary of unknown source (official bulletin has structure and sample questions only); LOW confidence, verify"
MATH-P1-CONT-DATA,Mathematics (Paper 1),Data handling,Content,Y,,Not found,Not found,Not found,Not found,Same,Not found,Not found,Same,,Same,"CTET Sep 2026 bulletin, Appendix I",Low,N,"KTET columns: first-pass mapping from 2012 SCERT syllabus PDFs, unverified; REET columns: first-pass mapping from 2016 BSER syllabus files (not the 2024 notification), unverified; MPTET column: 2026 in-service eligibility test (primary), rulebook pp.7-13; EVS content/pedagogy listing incomplete in file; UPTET column: judged against UPESSC UPTET syllabus PDFs (Primary / Upper Primary, Jan 2026), unverified; HTET column: from a pasted summary of unknown source (official bulletin has structure and sample questions only); LOW confidence, verify"
MATH-P1-CONT-PATTERNS,Mathematics (Paper 1),Patterns,Content,Y,,Similar,Not found,Not found,Not found,Not found,Not found,Not found,Same,,Same,"CTET Sep 2026 bulletin, Appendix I",Low,N,"KTET columns: first-pass mapping from 2012 SCERT syllabus PDFs, unverified; REET columns: first-pass mapping from 2016 BSER syllabus files (not the 2024 notification), unverified; MPTET column: 2026 in-service eligibility test (primary), rulebook pp.7-13; EVS content/pedagogy listing incomplete in file; UPTET column: judged against UPESSC UPTET syllabus PDFs (Primary / Upper Primary, Jan 2026), unverified; HTET column: from a pasted summary of unknown source (official bulletin has structure and sample questions only); LOW confidence, verify"
MATH-P1-CONT-MONEY,Mathematics (Paper 1),Money,Content,Y,,Same,Not found,Not found,Not found,Same,Same,Not found,Same,,Same,"CTET Sep 2026 bulletin, Appendix I",Low,N,"KTET columns: first-pass mapping from 2012 SCERT syllabus PDFs, unverified; REET columns: first-pass mapping from 2016 BSER syllabus files (not the 2024 notification), unverified; MPTET column: 2026 in-service eligibility test (primary), rulebook pp.7-13; EVS content/pedagogy listing incomplete in file; UPTET column: judged against UPESSC UPTET syllabus PDFs (Primary / Upper Primary, Jan 2026), unverified; HTET column: from a pasted summary of unknown source (official bulletin has structure and sample questions only); LOW confidence, verify"
MATH-P2-CONT-NUMSYS,Mathematics (Paper 2),"Number system: numbers, whole numbers, integers, fractions",Content,,Y,Not found,Same,Different,Not found,Same,Not found,Similar,,,,"CTET Sep 2026 bulletin, Appendix I",Medium,N,"KTET columns: first-pass mapping from 2012 SCERT syllabus PDFs, unverified; REET columns: first-pass mapping from 2016 BSER syllabus files (not the 2024 notification), unverified; UPTET column: judged against UPESSC UPTET syllabus PDFs (Primary / Upper Primary, Jan 2026), unverified"
MATH-P2-CONT-ALGEBRA,Mathematics (Paper 2),"Algebra: introduction, ratio and proportion",Content,,Y,Not found,Same,Different,Not found,Same,Not found,Same,,,,"CTET Sep 2026 bulletin, Appendix I",Medium,N,"KTET columns: first-pass mapping from 2012 SCERT syllabus PDFs, unverified; REET columns: first-pass mapping from 2016 BSER syllabus files (not the 2024 notification), unverified; UPTET column: judged against UPESSC UPTET syllabus PDFs (Primary / Upper Primary, Jan 2026), unverified"
MATH-P2-CONT-GEOM,Mathematics (Paper 2),"Geometry: basic ideas, shapes, symmetry, construction, mensuration",Content,,Y,Not found,Similar,Different,Not found,Same,Not found,Same,,,,"CTET Sep 2026 bulletin, Appendix I",Medium,N,"KTET columns: first-pass mapping from 2012 SCERT syllabus PDFs, unverified; REET columns: first-pass mapping from 2016 BSER syllabus files (not the 2024 notification), unverified; UPTET column: judged against UPESSC UPTET syllabus PDFs (Primary / Upper Primary, Jan 2026), unverified"
MATH-P2-CONT-DATA,Mathematics (Paper 2),Data handling,Content,,Y,Not found,Same,Different,Not found,Same,Not found,Same,,,,"CTET Sep 2026 bulletin, Appendix I",Medium,N,"KTET columns: first-pass mapping from 2012 SCERT syllabus PDFs, unverified; REET columns: first-pass mapping from 2016 BSER syllabus files (not the 2024 notification), unverified; UPTET column: judged against UPESSC UPTET syllabus PDFs (Primary / Upper Primary, Jan 2026), unverified"
MATH-PED-NATURE,Mathematics,Nature of mathematics / logical thinking,Pedagogical issues,Y,Y,Same,Same,Not found,Not found,Same,Same,Same,Same,,Similar,"CTET Sep 2026 bulletin, Appendix I",Low,N,"KTET columns: first-pass mapping from 2012 SCERT syllabus PDFs, unverified; REET columns: first-pass mapping from 2016 BSER syllabus files (not the 2024 notification), unverified; MPTET column: 2026 in-service eligibility test (primary), rulebook pp.7-13; EVS content/pedagogy listing incomplete in file; UPTET column: judged against UPESSC UPTET syllabus PDFs (Primary / Upper Primary, Jan 2026), unverified; HTET column: from a pasted summary of unknown source (official bulletin has structure and sample questions only); LOW confidence, verify"
MATH-PED-PLACE,Mathematics,Place of mathematics in curriculum,Pedagogical issues,Y,Y,Same,Same,Not found,Not found,Same,Same,Same,,,Same,"CTET Sep 2026 bulletin, Appendix I",Medium,N,"KTET columns: first-pass mapping from 2012 SCERT syllabus PDFs, unverified; REET columns: first-pass mapping from 2016 BSER syllabus files (not the 2024 notification), unverified; MPTET column: 2026 in-service eligibility test (primary), rulebook pp.7-13; EVS content/pedagogy listing incomplete in file; UPTET column: judged against UPESSC UPTET syllabus PDFs (Primary / Upper Primary, Jan 2026), unverified"
MATH-PED-LANGUAGE,Mathematics,Language of mathematics,Pedagogical issues,Y,Y,Same,Same,Not found,Not found,Same,Same,Same,,,Same,"CTET Sep 2026 bulletin, Appendix I",Medium,N,"KTET columns: first-pass mapping from 2012 SCERT syllabus PDFs, unverified; REET columns: first-pass mapping from 2016 BSER syllabus files (not the 2024 notification), unverified; MPTET column: 2026 in-service eligibility test (primary), rulebook pp.7-13; EVS content/pedagogy listing incomplete in file; UPTET column: judged against UPESSC UPTET syllabus PDFs (Primary / Upper Primary, Jan 2026), unverified"
MATH-PED-COMMUNITY,Mathematics,Community mathematics,Pedagogical issues,Y,Y,Not found,Not found,Not found,Not found,Same,Same,Same,,,Not found,"CTET Sep 2026 bulletin, Appendix I",Medium,N,"KTET columns: first-pass mapping from 2012 SCERT syllabus PDFs, unverified; REET columns: first-pass mapping from 2016 BSER syllabus files (not the 2024 notification), unverified; MPTET column: 2026 in-service eligibility test (primary), rulebook pp.7-13; EVS content/pedagogy listing incomplete in file; UPTET column: judged against UPESSC UPTET syllabus PDFs (Primary / Upper Primary, Jan 2026), unverified"
MATH-PED-EVAL,Mathematics,Evaluation,Pedagogical issues,Y,Y,Same,Same,Not found,Not found,Same,Same,Same,,,Same,"CTET Sep 2026 bulletin, Appendix I",Medium,N,"KTET columns: first-pass mapping from 2012 SCERT syllabus PDFs, unverified; REET columns: first-pass mapping from 2016 BSER syllabus files (not the 2024 notification), unverified; MPTET column: 2026 in-service eligibility test (primary), rulebook pp.7-13; EVS content/pedagogy listing incomplete in file; UPTET column: judged against UPESSC UPTET syllabus PDFs (Primary / Upper Primary, Jan 2026), unverified"
MATH-PED-PROBLEMS,Mathematics,Problems of teaching,Pedagogical issues,Y,Y,Similar,Similar,Not found,Not found,Same,Same,Same,,,Not found,"CTET Sep 2026 bulletin, Appendix I",Medium,N,"KTET columns: first-pass mapping from 2012 SCERT syllabus PDFs, unverified; REET columns: first-pass mapping from 2016 BSER syllabus files (not the 2024 notification), unverified; MPTET column: 2026 in-service eligibility test (primary), rulebook pp.7-13; EVS content/pedagogy listing incomplete in file; UPTET column: judged against UPESSC UPTET syllabus PDFs (Primary / Upper Primary, Jan 2026), unverified"
MATH-PED-REMEDIAL,Mathematics,Diagnostic and remedial teaching,Pedagogical issues,Y,Y,Same,Same,Not found,Not found,Same,Same,Same,Same,,Same,"CTET Sep 2026 bulletin, Appendix I",Low,N,"P1 says diagnostic and remedial; P2 says remedial teaching; KTET columns: first-pass mapping from 2012 SCERT syllabus PDFs, unverified; REET columns: first-pass mapping from 2016 BSER syllabus files (not the 2024 notification), unverified; MPTET column: 2026 in-service eligibility test (primary), rulebook pp.7-13; EVS content/pedagogy listing incomplete in file; UPTET column: judged against UPESSC UPTET syllabus PDFs (Primary / Upper Primary, Jan 2026), unverified; HTET column: from a pasted summary of unknown source (official bulletin has structure and sample questions only); LOW confidence, verify"
MATH-PED-ERROR,Mathematics,Error analysis,Pedagogical issues,Y,,Same,Same,Not found,Not found,Same,Same,Not found,Same,,Not found,"CTET Sep 2026 bulletin, Appendix I",Low,N,"KTET columns: first-pass mapping from 2012 SCERT syllabus PDFs, unverified; REET columns: first-pass mapping from 2016 BSER syllabus files (not the 2024 notification), unverified; MPTET column: 2026 in-service eligibility test (primary), rulebook pp.7-13; EVS content/pedagogy listing incomplete in file; UPTET column: judged against UPESSC UPTET syllabus PDFs (Primary / Upper Primary, Jan 2026), unverified; HTET column: from a pasted summary of unknown source (official bulletin has structure and sample questions only); LOW confidence, verify"
EVS-CONT-FAMILY,Environmental Studies,"Family and friends: relationships, work and play, animals, plants",Content,Y,,Same,Not found,Not found,Not found,Same,Similar,Not found,Same,,Same,"CTET Sep 2026 bulletin, Appendix I",Low,N,"KTET columns: first-pass mapping from 2012 SCERT syllabus PDFs, unverified; REET columns: first-pass mapping from 2016 BSER syllabus files (not the 2024 notification), unverified; MPTET column: 2026 in-service eligibility test (primary), rulebook pp.7-13; EVS content/pedagogy listing incomplete in file; UPTET column: judged against UPESSC UPTET syllabus PDFs (Primary / Upper Primary, Jan 2026), unverified; HTET column: from a pasted summary of unknown source (official bulletin has structure and sample questions only); LOW confidence, verify"
EVS-CONT-FOOD,Environmental Studies,Food,Content,Y,,Same,Not found,Not found,Not found,Same,Similar,Not found,Same,,,"CTET Sep 2026 bulletin, Appendix I",Low,N,"KTET columns: first-pass mapping from 2012 SCERT syllabus PDFs, unverified; REET columns: first-pass mapping from 2016 BSER syllabus files (not the 2024 notification), unverified; UPTET column: judged against UPESSC UPTET syllabus PDFs (Primary / Upper Primary, Jan 2026), unverified; HTET column: from a pasted summary of unknown source (official bulletin has structure and sample questions only); LOW confidence, verify"
EVS-CONT-SHELTER,Environmental Studies,Shelter,Content,Y,,Same,Not found,Not found,Not found,Same,Similar,Not found,Same,,Same,"CTET Sep 2026 bulletin, Appendix I",Low,N,"KTET columns: first-pass mapping from 2012 SCERT syllabus PDFs, unverified; REET columns: first-pass mapping from 2016 BSER syllabus files (not the 2024 notification), unverified; MPTET column: 2026 in-service eligibility test (primary), rulebook pp.7-13; EVS content/pedagogy listing incomplete in file; UPTET column: judged against UPESSC UPTET syllabus PDFs (Primary / Upper Primary, Jan 2026), unverified; HTET column: from a pasted summary of unknown source (official bulletin has structure and sample questions only); LOW confidence, verify"
EVS-CONT-WATER,Environmental Studies,Water,Content,Y,,Same,Not found,Not found,Not found,Same,Similar,Not found,Same,,Similar,"CTET Sep 2026 bulletin, Appendix I",Low,N,"KTET columns: first-pass mapping from 2012 SCERT syllabus PDFs, unverified; REET columns: first-pass mapping from 2016 BSER syllabus files (not the 2024 notification), unverified; MPTET column: 2026 in-service eligibility test (primary), rulebook pp.7-13; EVS content/pedagogy listing incomplete in file; UPTET column: judged against UPESSC UPTET syllabus PDFs (Primary / Upper Primary, Jan 2026), unverified; HTET column: from a pasted summary of unknown source (official bulletin has structure and sample questions only); LOW confidence, verify"
EVS-CONT-TRAVEL,Environmental Studies,Travel,Content,Y,,Similar,Not found,Not found,Not found,Same,Same,Not found,Same,,,"CTET Sep 2026 bulletin, Appendix I",Low,N,"KTET columns: first-pass mapping from 2012 SCERT syllabus PDFs, unverified; REET columns: first-pass mapping from 2016 BSER syllabus files (not the 2024 notification), unverified; UPTET column: judged against UPESSC UPTET syllabus PDFs (Primary / Upper Primary, Jan 2026), unverified; HTET column: from a pasted summary of unknown source (official bulletin has structure and sample questions only); LOW confidence, verify"
EVS-CONT-THINGS,Environmental Studies,Things we make and do,Content,Y,,Similar,Not found,Not found,Not found,Same,Similar,Not found,Same,,Same,"CTET Sep 2026 bulletin, Appendix I",Low,N,"KTET columns: first-pass mapping from 2012 SCERT syllabus PDFs, unverified; REET columns: first-pass mapping from 2016 BSER syllabus files (not the 2024 notification), unverified; MPTET column: 2026 in-service eligibility test (primary), rulebook pp.7-13; EVS content/pedagogy listing incomplete in file; UPTET column: judged against UPESSC UPTET syllabus PDFs (Primary / Upper Primary, Jan 2026), unverified; HTET column: from a pasted summary of unknown source (official bulletin has structure and sample questions only); LOW confidence, verify"
EVS-PED-CONCEPT,Environmental Studies,Concept and scope of EVS,Pedagogical issues,Y,,Similar,Not found,Not found,Not found,Same,Same,Not found,,,,"CTET Sep 2026 bulletin, Appendix I",Medium,N,"KTET columns: first-pass mapping from 2012 SCERT syllabus PDFs, unverified; REET columns: first-pass mapping from 2016 BSER syllabus files (not the 2024 notification), unverified; UPTET column: judged against UPESSC UPTET syllabus PDFs (Primary / Upper Primary, Jan 2026), unverified"
EVS-PED-SIGNIF,Environmental Studies,"Significance of EVS, integrated EVS",Pedagogical issues,Y,,Similar,Not found,Not found,Not found,Same,Same,Not found,Same,,,"CTET Sep 2026 bulletin, Appendix I",Low,N,"KTET columns: first-pass mapping from 2012 SCERT syllabus PDFs, unverified; REET columns: first-pass mapping from 2016 BSER syllabus files (not the 2024 notification), unverified; UPTET column: judged against UPESSC UPTET syllabus PDFs (Primary / Upper Primary, Jan 2026), unverified; HTET column: from a pasted summary of unknown source (official bulletin has structure and sample questions only); LOW confidence, verify"
EVS-PED-EE,Environmental Studies,EVS and environmental education,Pedagogical issues,Y,,Similar,Not found,Not found,Not found,Same,Same,Not found,,,,"CTET Sep 2026 bulletin, Appendix I",Medium,N,"KTET columns: first-pass mapping from 2012 SCERT syllabus PDFs, unverified; REET columns: first-pass mapping from 2016 BSER syllabus files (not the 2024 notification), unverified; UPTET column: judged against UPESSC UPTET syllabus PDFs (Primary / Upper Primary, Jan 2026), unverified"
EVS-PED-PRINC,Environmental Studies,Learning principles,Pedagogical issues,Y,,Similar,Not found,Not found,Not found,Same,Same,Not found,,,,"CTET Sep 2026 bulletin, Appendix I",Medium,N,"KTET columns: first-pass mapping from 2012 SCERT syllabus PDFs, unverified; REET columns: first-pass mapping from 2016 BSER syllabus files (not the 2024 notification), unverified; UPTET column: judged against UPESSC UPTET syllabus PDFs (Primary / Upper Primary, Jan 2026), unverified"
EVS-PED-RELATION,Environmental Studies,Scope and relation to science and social science,Pedagogical issues,Y,,Similar,Not found,Not found,Not found,Same,Same,Not found,,,,"CTET Sep 2026 bulletin, Appendix I",Medium,N,"KTET columns: first-pass mapping from 2012 SCERT syllabus PDFs, unverified; REET columns: first-pass mapping from 2016 BSER syllabus files (not the 2024 notification), unverified; UPTET column: judged against UPESSC UPTET syllabus PDFs (Primary / Upper Primary, Jan 2026), unverified"
EVS-PED-APPROACH,Environmental Studies,Approaches of presenting concepts,Pedagogical issues,Y,,Similar,Not found,Not found,Not found,Same,Same,Not found,,,,"CTET Sep 2026 bulletin, Appendix I",Medium,N,"KTET columns: first-pass mapping from 2012 SCERT syllabus PDFs, unverified; REET columns: first-pass mapping from 2016 BSER syllabus files (not the 2024 notification), unverified; UPTET column: judged against UPESSC UPTET syllabus PDFs (Primary / Upper Primary, Jan 2026), unverified"
EVS-PED-ACTIVITIES,Environmental Studies,Activities,Pedagogical issues,Y,,Similar,Not found,Not found,Not found,Same,Same,Not found,,,,"CTET Sep 2026 bulletin, Appendix I",Medium,N,"KTET columns: first-pass mapping from 2012 SCERT syllabus PDFs, unverified; REET columns: first-pass mapping from 2016 BSER syllabus files (not the 2024 notification), unverified; UPTET column: judged against UPESSC UPTET syllabus PDFs (Primary / Upper Primary, Jan 2026), unverified"
EVS-PED-EXPT,Environmental Studies,Experimentation / practical work,Pedagogical issues,Y,,Similar,Not found,Not found,Not found,Same,Same,Not found,Same,,,"CTET Sep 2026 bulletin, Appendix I",Low,N,"KTET columns: first-pass mapping from 2012 SCERT syllabus PDFs, unverified; REET columns: first-pass mapping from 2016 BSER syllabus files (not the 2024 notification), unverified; UPTET column: judged against UPESSC UPTET syllabus PDFs (Primary / Upper Primary, Jan 2026), unverified; HTET column: from a pasted summary of unknown source (official bulletin has structure and sample questions only); LOW confidence, verify"
EVS-PED-DISC,Environmental Studies,Discussion,Pedagogical issues,Y,,Similar,Not found,Not found,Not found,Same,Same,Not found,,,,"CTET Sep 2026 bulletin, Appendix I",Medium,N,"KTET columns: first-pass mapping from 2012 SCERT syllabus PDFs, unverified; REET columns: first-pass mapping from 2016 BSER syllabus files (not the 2024 notification), unverified; UPTET column: judged against UPESSC UPTET syllabus PDFs (Primary / Upper Primary, Jan 2026), unverified"
EVS-PED-CCE,Environmental Studies,CCE,Pedagogical issues,Y,,Similar,Not found,Not found,Not found,Same,Same,Not found,Same,,,"CTET Sep 2026 bulletin, Appendix I",Low,N,"KTET columns: first-pass mapping from 2012 SCERT syllabus PDFs, unverified; REET columns: first-pass mapping from 2016 BSER syllabus files (not the 2024 notification), unverified; UPTET column: judged against UPESSC UPTET syllabus PDFs (Primary / Upper Primary, Jan 2026), unverified; HTET column: from a pasted summary of unknown source (official bulletin has structure and sample questions only); LOW confidence, verify"
EVS-PED-AIDS,Environmental Studies,Teaching material / aids,Pedagogical issues,Y,,Similar,Not found,Not found,Not found,Same,Same,Not found,,,,"CTET Sep 2026 bulletin, Appendix I",Medium,N,"KTET columns: first-pass mapping from 2012 SCERT syllabus PDFs, unverified; REET columns: first-pass mapping from 2016 BSER syllabus files (not the 2024 notification), unverified; UPTET column: judged against UPESSC UPTET syllabus PDFs (Primary / Upper Primary, Jan 2026), unverified"
EVS-PED-PROBLEMS,Environmental Studies,Problems,Pedagogical issues,Y,,Similar,Not found,Not found,Not found,Same,Same,Not found,,,,"CTET Sep 2026 bulletin, Appendix I",Medium,N,"KTET columns: first-pass mapping from 2012 SCERT syllabus PDFs, unverified; REET columns: first-pass mapping from 2016 BSER syllabus files (not the 2024 notification), unverified; UPTET column: judged against UPESSC UPTET syllabus PDFs (Primary / Upper Primary, Jan 2026), unverified"
SCI-CONT-FOOD,Science (Paper 2),"Food: sources, components, cleaning",Content,,Y,Not found,Similar,Different,Not found,Same,Not found,Similar,,,,"CTET Sep 2026 bulletin, Appendix I",Medium,N,"KTET columns: first-pass mapping from 2012 SCERT syllabus PDFs, unverified; REET columns: first-pass mapping from 2016 BSER syllabus files (not the 2024 notification), unverified; UPTET column: judged against UPESSC UPTET syllabus PDFs (Primary / Upper Primary, Jan 2026), unverified"
SCI-CONT-MATERIALS,Science (Paper 2),Materials of daily use,Content,,Y,Not found,Similar,Different,Not found,Same,Not found,Similar,,,,"CTET Sep 2026 bulletin, Appendix I",Medium,N,"KTET columns: first-pass mapping from 2012 SCERT syllabus PDFs, unverified; REET columns: first-pass mapping from 2016 BSER syllabus files (not the 2024 notification), unverified; UPTET column: judged against UPESSC UPTET syllabus PDFs (Primary / Upper Primary, Jan 2026), unverified"
SCI-CONT-LIVING,Science (Paper 2),The world of the living,Content,,Y,Not found,Similar,Different,Not found,Same,Not found,Similar,,,,"CTET Sep 2026 bulletin, Appendix I",Medium,N,"KTET columns: first-pass mapping from 2012 SCERT syllabus PDFs, unverified; REET columns: first-pass mapping from 2016 BSER syllabus files (not the 2024 notification), unverified; UPTET column: judged against UPESSC UPTET syllabus PDFs (Primary / Upper Primary, Jan 2026), unverified"
SCI-CONT-MOVING,Science (Paper 2),"Moving things, people and ideas",Content,,Y,Not found,Similar,Different,Not found,Same,Not found,Similar,,,,"CTET Sep 2026 bulletin, Appendix I",Medium,N,"KTET columns: first-pass mapping from 2012 SCERT syllabus PDFs, unverified; REET columns: first-pass mapping from 2016 BSER syllabus files (not the 2024 notification), unverified; UPTET column: judged against UPESSC UPTET syllabus PDFs (Primary / Upper Primary, Jan 2026), unverified"
SCI-CONT-HOW,Science (Paper 2),"How things work: electric current, circuits, magnets",Content,,Y,Not found,Similar,Different,Not found,Same,Not found,Similar,,,,"CTET Sep 2026 bulletin, Appendix I",Medium,N,"KTET columns: first-pass mapping from 2012 SCERT syllabus PDFs, unverified; REET columns: first-pass mapping from 2016 BSER syllabus files (not the 2024 notification), unverified; UPTET column: judged against UPESSC UPTET syllabus PDFs (Primary / Upper Primary, Jan 2026), unverified"
SCI-CONT-NATURAL-PHEN,Science (Paper 2),Natural phenomena,Content,,Y,Not found,Similar,Different,Not found,Similar,Not found,Similar,,,,"CTET Sep 2026 bulletin, Appendix I",Medium,N,"KTET columns: first-pass mapping from 2012 SCERT syllabus PDFs, unverified; REET columns: first-pass mapping from 2016 BSER syllabus files (not the 2024 notification), unverified; UPTET column: judged against UPESSC UPTET syllabus PDFs (Primary / Upper Primary, Jan 2026), unverified"
SCI-CONT-NATURAL-RES,Science (Paper 2),Natural resources,Content,,Y,Not found,Similar,Different,Not found,Same,Not found,Similar,,,,"CTET Sep 2026 bulletin, Appendix I",Medium,N,"KTET columns: first-pass mapping from 2012 SCERT syllabus PDFs, unverified; REET columns: first-pass mapping from 2016 BSER syllabus files (not the 2024 notification), unverified; UPTET column: judged against UPESSC UPTET syllabus PDFs (Primary / Upper Primary, Jan 2026), unverified"
SCI-PED-NATURE,Science (Paper 2),Nature and structure of sciences,Pedagogical issues,,Y,Not found,Similar,Not found,Not found,Same,Not found,Same,,,,"CTET Sep 2026 bulletin, Appendix I",Medium,N,"KTET columns: first-pass mapping from 2012 SCERT syllabus PDFs, unverified; REET columns: first-pass mapping from 2016 BSER syllabus files (not the 2024 notification), unverified; UPTET column: judged against UPESSC UPTET syllabus PDFs (Primary / Upper Primary, Jan 2026), unverified"
SCI-PED-AIMS,Science (Paper 2),Natural science: aims and objectives,Pedagogical issues,,Y,Not found,Same,Not found,Not found,Same,Not found,Same,,,,"CTET Sep 2026 bulletin, Appendix I",Medium,N,"KTET columns: first-pass mapping from 2012 SCERT syllabus PDFs, unverified; REET columns: first-pass mapping from 2016 BSER syllabus files (not the 2024 notification), unverified; UPTET column: judged against UPESSC UPTET syllabus PDFs (Primary / Upper Primary, Jan 2026), unverified"
SCI-PED-UNDERSTAND,Science (Paper 2),Understanding and appreciating science,Pedagogical issues,,Y,Not found,Similar,Not found,Not found,Same,Not found,Same,,,,"CTET Sep 2026 bulletin, Appendix I",Medium,N,"KTET columns: first-pass mapping from 2012 SCERT syllabus PDFs, unverified; REET columns: first-pass mapping from 2016 BSER syllabus files (not the 2024 notification), unverified; UPTET column: judged against UPESSC UPTET syllabus PDFs (Primary / Upper Primary, Jan 2026), unverified"
SCI-PED-APPROACH,Science (Paper 2),Approaches / integrated approach,Pedagogical issues,,Y,Not found,Same,Not found,Not found,Same,Not found,Similar,,,,"CTET Sep 2026 bulletin, Appendix I",Medium,N,"KTET columns: first-pass mapping from 2012 SCERT syllabus PDFs, unverified; REET columns: first-pass mapping from 2016 BSER syllabus files (not the 2024 notification), unverified; UPTET column: judged against UPESSC UPTET syllabus PDFs (Primary / Upper Primary, Jan 2026), unverified"
SCI-PED-METHOD,Science (Paper 2),"Observation, experiment, discovery",Pedagogical issues,,Y,Not found,Same,Not found,Not found,Same,Not found,Same,,,,"CTET Sep 2026 bulletin, Appendix I",Medium,N,"KTET columns: first-pass mapping from 2012 SCERT syllabus PDFs, unverified; REET columns: first-pass mapping from 2016 BSER syllabus files (not the 2024 notification), unverified; UPTET column: judged against UPESSC UPTET syllabus PDFs (Primary / Upper Primary, Jan 2026), unverified"
SCI-PED-INNOV,Science (Paper 2),Innovation,Pedagogical issues,,Y,Not found,Not found,Not found,Not found,Same,Not found,Same,,,,"CTET Sep 2026 bulletin, Appendix I",Medium,N,"KTET columns: first-pass mapping from 2012 SCERT syllabus PDFs, unverified; REET columns: first-pass mapping from 2016 BSER syllabus files (not the 2024 notification), unverified; UPTET column: judged against UPESSC UPTET syllabus PDFs (Primary / Upper Primary, Jan 2026), unverified"
SCI-PED-AIDS,Science (Paper 2),Text material / aids,Pedagogical issues,,Y,Not found,Same,Not found,Not found,Same,Not found,Same,,,,"CTET Sep 2026 bulletin, Appendix I",Medium,N,"KTET columns: first-pass mapping from 2012 SCERT syllabus PDFs, unverified; REET columns: first-pass mapping from 2016 BSER syllabus files (not the 2024 notification), unverified; UPTET column: judged against UPESSC UPTET syllabus PDFs (Primary / Upper Primary, Jan 2026), unverified"
SCI-PED-EVAL,Science (Paper 2),"Evaluation: cognitive, psychomotor, affective",Pedagogical issues,,Y,Not found,Same,Not found,Not found,Same,Not found,Same,,,,"CTET Sep 2026 bulletin, Appendix I",Medium,N,"KTET columns: first-pass mapping from 2012 SCERT syllabus PDFs, unverified; REET columns: first-pass mapping from 2016 BSER syllabus files (not the 2024 notification), unverified; UPTET column: judged against UPESSC UPTET syllabus PDFs (Primary / Upper Primary, Jan 2026), unverified"
SCI-PED-PROBLEMS,Science (Paper 2),Problems,Pedagogical issues,,Y,Not found,Similar,Not found,Not found,Same,Not found,Same,,,,"CTET Sep 2026 bulletin, Appendix I",Medium,N,"KTET columns: first-pass mapping from 2012 SCERT syllabus PDFs, unverified; REET columns: first-pass mapping from 2016 BSER syllabus files (not the 2024 notification), unverified; UPTET column: judged against UPESSC UPTET syllabus PDFs (Primary / Upper Primary, Jan 2026), unverified"
SCI-PED-REMEDIAL,Science (Paper 2),Remedial teaching,Pedagogical issues,,Y,Not found,Not found,Not found,Not found,Same,Not found,Same,,,,"CTET Sep 2026 bulletin, Appendix I",Medium,N,"KTET columns: first-pass mapping from 2012 SCERT syllabus PDFs, unverified; REET columns: first-pass mapping from 2016 BSER syllabus files (not the 2024 notification), unverified; UPTET column: judged against UPESSC UPTET syllabus PDFs (Primary / Upper Primary, Jan 2026), unverified"
SST-HIST-01,Social Studies (Paper 2),"When, where and how",History,,Y,Not found,Similar,Different,Not found,Similar,Not found,Not found,,,,"CTET Sep 2026 bulletin, Appendix I",Medium,N,"KTET columns: first-pass mapping from 2012 SCERT syllabus PDFs, unverified; REET columns: first-pass mapping from 2016 BSER syllabus files (not the 2024 notification), unverified; UPTET column: judged against UPESSC UPTET syllabus PDFs (Primary / Upper Primary, Jan 2026), unverified"
SST-HIST-02,Social Studies (Paper 2),Earliest societies,History,,Y,Not found,Similar,Different,Not found,Similar,Not found,Not found,,,,"CTET Sep 2026 bulletin, Appendix I",Medium,N,"KTET columns: first-pass mapping from 2012 SCERT syllabus PDFs, unverified; REET columns: first-pass mapping from 2016 BSER syllabus files (not the 2024 notification), unverified; UPTET column: judged against UPESSC UPTET syllabus PDFs (Primary / Upper Primary, Jan 2026), unverified"
SST-HIST-03,Social Studies (Paper 2),First farmers and herders,History,,Y,Not found,Similar,Different,Not found,Similar,Not found,Not found,,,,"CTET Sep 2026 bulletin, Appendix I",Medium,N,"KTET columns: first-pass mapping from 2012 SCERT syllabus PDFs, unverified; REET columns: first-pass mapping from 2016 BSER syllabus files (not the 2024 notification), unverified; UPTET column: judged against UPESSC UPTET syllabus PDFs (Primary / Upper Primary, Jan 2026), unverified"
SST-HIST-04,Social Studies (Paper 2),First cities,History,,Y,Not found,Similar,Different,Not found,Not found,Not found,Similar,,,,"CTET Sep 2026 bulletin, Appendix I",Medium,N,"KTET columns: first-pass mapping from 2012 SCERT syllabus PDFs, unverified; REET columns: first-pass mapping from 2016 BSER syllabus files (not the 2024 notification), unverified; UPTET column: judged against UPESSC UPTET syllabus PDFs (Primary / Upper Primary, Jan 2026), unverified"
SST-HIST-05,Social Studies (Paper 2),Early states,History,,Y,Not found,Not found,Different,Not found,Same,Not found,Not found,,,,"CTET Sep 2026 bulletin, Appendix I",Medium,N,"KTET columns: first-pass mapping from 2012 SCERT syllabus PDFs, unverified; REET columns: first-pass mapping from 2016 BSER syllabus files (not the 2024 notification), unverified; UPTET column: judged against UPESSC UPTET syllabus PDFs (Primary / Upper Primary, Jan 2026), unverified"
SST-HIST-06,Social Studies (Paper 2),New ideas,History,,Y,Not found,Not found,Different,Not found,Same,Not found,Not found,,,,"CTET Sep 2026 bulletin, Appendix I",Medium,N,"KTET columns: first-pass mapping from 2012 SCERT syllabus PDFs, unverified; REET columns: first-pass mapping from 2016 BSER syllabus files (not the 2024 notification), unverified; UPTET column: judged against UPESSC UPTET syllabus PDFs (Primary / Upper Primary, Jan 2026), unverified"
SST-HIST-07,Social Studies (Paper 2),First empire,History,,Y,Not found,Not found,Different,Not found,Same,Not found,Similar,,,,"CTET Sep 2026 bulletin, Appendix I",Medium,N,"KTET columns: first-pass mapping from 2012 SCERT syllabus PDFs, unverified; REET columns: first-pass mapping from 2016 BSER syllabus files (not the 2024 notification), unverified; UPTET column: judged against UPESSC UPTET syllabus PDFs (Primary / Upper Primary, Jan 2026), unverified"
SST-HIST-08,Social Studies (Paper 2),Contacts with distant lands,History,,Y,Not found,Not found,Different,Not found,Not found,Not found,Similar,,,,"CTET Sep 2026 bulletin, Appendix I",Medium,N,"KTET columns: first-pass mapping from 2012 SCERT syllabus PDFs, unverified; REET columns: first-pass mapping from 2016 BSER syllabus files (not the 2024 notification), unverified; UPTET column: judged against UPESSC UPTET syllabus PDFs (Primary / Upper Primary, Jan 2026), unverified"
SST-HIST-09,Social Studies (Paper 2),Political developments,History,,Y,Not found,Not found,Different,Not found,Similar,Not found,Not found,,,,"CTET Sep 2026 bulletin, Appendix I",Medium,N,"KTET columns: first-pass mapping from 2012 SCERT syllabus PDFs, unverified; REET columns: first-pass mapping from 2016 BSER syllabus files (not the 2024 notification), unverified; UPTET column: judged against UPESSC UPTET syllabus PDFs (Primary / Upper Primary, Jan 2026), unverified"
SST-HIST-10,Social Studies (Paper 2),Culture and science,History,,Y,Not found,Not found,Different,Not found,Not found,Not found,Similar,,,,"CTET Sep 2026 bulletin, Appendix I",Medium,N,"KTET columns: first-pass mapping from 2012 SCERT syllabus PDFs, unverified; REET columns: first-pass mapping from 2016 BSER syllabus files (not the 2024 notification), unverified; UPTET column: judged against UPESSC UPTET syllabus PDFs (Primary / Upper Primary, Jan 2026), unverified"
SST-HIST-11,Social Studies (Paper 2),New kings and kingdoms,History,,Y,Not found,Not found,Different,Not found,Same,Not found,Not found,,,,"CTET Sep 2026 bulletin, Appendix I",Medium,N,"KTET columns: first-pass mapping from 2012 SCERT syllabus PDFs, unverified; REET columns: first-pass mapping from 2016 BSER syllabus files (not the 2024 notification), unverified; UPTET column: judged against UPESSC UPTET syllabus PDFs (Primary / Upper Primary, Jan 2026), unverified"
SST-HIST-12,Social Studies (Paper 2),Sultans of Delhi,History,,Y,Not found,Not found,Different,Not found,Same,Not found,Not found,,,,"CTET Sep 2026 bulletin, Appendix I",Medium,N,"KTET columns: first-pass mapping from 2012 SCERT syllabus PDFs, unverified; REET columns: first-pass mapping from 2016 BSER syllabus files (not the 2024 notification), unverified; UPTET column: judged against UPESSC UPTET syllabus PDFs (Primary / Upper Primary, Jan 2026), unverified"
SST-HIST-13,Social Studies (Paper 2),Architecture,History,,Y,Not found,Not found,Different,Not found,Not found,Not found,Not found,,,,"CTET Sep 2026 bulletin, Appendix I",Medium,N,"KTET columns: first-pass mapping from 2012 SCERT syllabus PDFs, unverified; REET columns: first-pass mapping from 2016 BSER syllabus files (not the 2024 notification), unverified; UPTET column: judged against UPESSC UPTET syllabus PDFs (Primary / Upper Primary, Jan 2026), unverified"
SST-HIST-14,Social Studies (Paper 2),Creation of an empire,History,,Y,Not found,Not found,Different,Not found,Same,Not found,Similar,,,,"CTET Sep 2026 bulletin, Appendix I",Medium,N,"KTET columns: first-pass mapping from 2012 SCERT syllabus PDFs, unverified; REET columns: first-pass mapping from 2016 BSER syllabus files (not the 2024 notification), unverified; UPTET column: judged against UPESSC UPTET syllabus PDFs (Primary / Upper Primary, Jan 2026), unverified"
SST-HIST-15,Social Studies (Paper 2),Social change,History,,Y,Not found,Not found,Different,Not found,Not found,Not found,Not found,,,,"CTET Sep 2026 bulletin, Appendix I",Medium,N,"KTET columns: first-pass mapping from 2012 SCERT syllabus PDFs, unverified; REET columns: first-pass mapping from 2016 BSER syllabus files (not the 2024 notification), unverified; UPTET column: judged against UPESSC UPTET syllabus PDFs (Primary / Upper Primary, Jan 2026), unverified"
SST-HIST-16,Social Studies (Paper 2),Regional cultures,History,,Y,Not found,Not found,Different,Not found,Not found,Not found,Not found,,,,"CTET Sep 2026 bulletin, Appendix I",Medium,N,"KTET columns: first-pass mapping from 2012 SCERT syllabus PDFs, unverified; REET columns: first-pass mapping from 2016 BSER syllabus files (not the 2024 notification), unverified; UPTET column: judged against UPESSC UPTET syllabus PDFs (Primary / Upper Primary, Jan 2026), unverified"
SST-HIST-17,Social Studies (Paper 2),Establishment of company power,History,,Y,Not found,Similar,Different,Not found,Same,Not found,Similar,,,,"CTET Sep 2026 bulletin, Appendix I",Medium,N,"KTET columns: first-pass mapping from 2012 SCERT syllabus PDFs, unverified; REET columns: first-pass mapping from 2016 BSER syllabus files (not the 2024 notification), unverified; UPTET column: judged against UPESSC UPTET syllabus PDFs (Primary / Upper Primary, Jan 2026), unverified"
SST-HIST-18,Social Studies (Paper 2),Rural life and society,History,,Y,Not found,Similar,Different,Not found,Not found,Not found,Not found,,,,"CTET Sep 2026 bulletin, Appendix I",Medium,N,"KTET columns: first-pass mapping from 2012 SCERT syllabus PDFs, unverified; REET columns: first-pass mapping from 2016 BSER syllabus files (not the 2024 notification), unverified; UPTET column: judged against UPESSC UPTET syllabus PDFs (Primary / Upper Primary, Jan 2026), unverified"
SST-HIST-19,Social Studies (Paper 2),Colonialism and tribal societies,History,,Y,Not found,Similar,Different,Not found,Not found,Not found,Not found,,,,"CTET Sep 2026 bulletin, Appendix I",Medium,N,"KTET columns: first-pass mapping from 2012 SCERT syllabus PDFs, unverified; REET columns: first-pass mapping from 2016 BSER syllabus files (not the 2024 notification), unverified; UPTET column: judged against UPESSC UPTET syllabus PDFs (Primary / Upper Primary, Jan 2026), unverified"
SST-HIST-20,Social Studies (Paper 2),Revolt of 1857-58,History,,Y,Not found,Same,Different,Not found,Similar,Not found,Same,,,,"CTET Sep 2026 bulletin, Appendix I",Medium,N,"KTET columns: first-pass mapping from 2012 SCERT syllabus PDFs, unverified; REET columns: first-pass mapping from 2016 BSER syllabus files (not the 2024 notification), unverified; UPTET column: judged against UPESSC UPTET syllabus PDFs (Primary / Upper Primary, Jan 2026), unverified"
SST-HIST-21,Social Studies (Paper 2),Women and reform,History,,Y,Not found,Similar,Different,Not found,Similar,Not found,Similar,,,,"CTET Sep 2026 bulletin, Appendix I",Medium,N,"KTET columns: first-pass mapping from 2012 SCERT syllabus PDFs, unverified; REET columns: first-pass mapping from 2016 BSER syllabus files (not the 2024 notification), unverified; UPTET column: judged against UPESSC UPTET syllabus PDFs (Primary / Upper Primary, Jan 2026), unverified"
SST-HIST-22,Social Studies (Paper 2),Challenging the caste system,History,,Y,Not found,Similar,Different,Not found,Not found,Not found,Not found,,,,"CTET Sep 2026 bulletin, Appendix I",Medium,N,"KTET columns: first-pass mapping from 2012 SCERT syllabus PDFs, unverified; REET columns: first-pass mapping from 2016 BSER syllabus files (not the 2024 notification), unverified; UPTET column: judged against UPESSC UPTET syllabus PDFs (Primary / Upper Primary, Jan 2026), unverified"
SST-HIST-23,Social Studies (Paper 2),Nationalist movement,History,,Y,Not found,Same,Different,Not found,Same,Not found,Same,,,,"CTET Sep 2026 bulletin, Appendix I",Medium,N,"KTET columns: first-pass mapping from 2012 SCERT syllabus PDFs, unverified; REET columns: first-pass mapping from 2016 BSER syllabus files (not the 2024 notification), unverified; UPTET column: judged against UPESSC UPTET syllabus PDFs (Primary / Upper Primary, Jan 2026), unverified"
SST-HIST-24,Social Studies (Paper 2),India after independence,History,,Y,Not found,Not found,Different,Not found,Same,Not found,Not found,,,,"CTET Sep 2026 bulletin, Appendix I",Medium,N,"KTET columns: first-pass mapping from 2012 SCERT syllabus PDFs, unverified; REET columns: first-pass mapping from 2016 BSER syllabus files (not the 2024 notification), unverified; UPTET column: judged against UPESSC UPTET syllabus PDFs (Primary / Upper Primary, Jan 2026), unverified"
SST-GEO-01,Social Studies (Paper 2),Geography as a social study and science,Geography,,Y,Not found,Not found,Different,Not found,Not found,Not found,Not found,,,,"CTET Sep 2026 bulletin, Appendix I",Medium,N,"KTET columns: first-pass mapping from 2012 SCERT syllabus PDFs, unverified; REET columns: first-pass mapping from 2016 BSER syllabus files (not the 2024 notification), unverified; UPTET column: judged against UPESSC UPTET syllabus PDFs (Primary / Upper Primary, Jan 2026), unverified"
SST-GEO-02,Social Studies (Paper 2),Planet Earth in the solar system,Geography,,Y,Not found,Same,Different,Not found,Same,Not found,Not found,,,,"CTET Sep 2026 bulletin, Appendix I",Medium,N,"KTET columns: first-pass mapping from 2012 SCERT syllabus PDFs, unverified; REET columns: first-pass mapping from 2016 BSER syllabus files (not the 2024 notification), unverified; UPTET column: judged against UPESSC UPTET syllabus PDFs (Primary / Upper Primary, Jan 2026), unverified"
SST-GEO-03,Social Studies (Paper 2),Globe,Geography,,Y,Not found,Same,Different,Not found,Same,Not found,Not found,,,,"CTET Sep 2026 bulletin, Appendix I",Medium,N,"KTET columns: first-pass mapping from 2012 SCERT syllabus PDFs, unverified; REET columns: first-pass mapping from 2016 BSER syllabus files (not the 2024 notification), unverified; UPTET column: judged against UPESSC UPTET syllabus PDFs (Primary / Upper Primary, Jan 2026), unverified"
SST-GEO-04,Social Studies (Paper 2),Environment: natural and human,Geography,,Y,Not found,Similar,Different,Not found,Same,Not found,Similar,,,,"CTET Sep 2026 bulletin, Appendix I",Medium,N,"KTET columns: first-pass mapping from 2012 SCERT syllabus PDFs, unverified; REET columns: first-pass mapping from 2016 BSER syllabus files (not the 2024 notification), unverified; UPTET column: judged against UPESSC UPTET syllabus PDFs (Primary / Upper Primary, Jan 2026), unverified"
SST-GEO-05,Social Studies (Paper 2),Air,Geography,,Y,Not found,Similar,Different,Not found,Same,Not found,Similar,,,,"CTET Sep 2026 bulletin, Appendix I",Medium,N,"KTET columns: first-pass mapping from 2012 SCERT syllabus PDFs, unverified; REET columns: first-pass mapping from 2016 BSER syllabus files (not the 2024 notification), unverified; UPTET column: judged against UPESSC UPTET syllabus PDFs (Primary / Upper Primary, Jan 2026), unverified"
SST-GEO-06,Social Studies (Paper 2),Water,Geography,,Y,Not found,Not found,Different,Not found,Same,Not found,Similar,,,,"CTET Sep 2026 bulletin, Appendix I",Medium,N,"KTET columns: first-pass mapping from 2012 SCERT syllabus PDFs, unverified; REET columns: first-pass mapping from 2016 BSER syllabus files (not the 2024 notification), unverified; UPTET column: judged against UPESSC UPTET syllabus PDFs (Primary / Upper Primary, Jan 2026), unverified"
SST-GEO-07,Social Studies (Paper 2),"Human environment: settlement, transport, communication",Geography,,Y,Not found,Similar,Different,Not found,Similar,Not found,Similar,,,,"CTET Sep 2026 bulletin, Appendix I",Medium,N,"KTET columns: first-pass mapping from 2012 SCERT syllabus PDFs, unverified; REET columns: first-pass mapping from 2016 BSER syllabus files (not the 2024 notification), unverified; UPTET column: judged against UPESSC UPTET syllabus PDFs (Primary / Upper Primary, Jan 2026), unverified"
SST-GEO-08,Social Studies (Paper 2),Resources: natural and human,Geography,,Y,Not found,Similar,Different,Not found,Same,Not found,Same,,,,"CTET Sep 2026 bulletin, Appendix I",Medium,N,"KTET columns: first-pass mapping from 2012 SCERT syllabus PDFs, unverified; REET columns: first-pass mapping from 2016 BSER syllabus files (not the 2024 notification), unverified; UPTET column: judged against UPESSC UPTET syllabus PDFs (Primary / Upper Primary, Jan 2026), unverified"
SST-GEO-09,Social Studies (Paper 2),Agriculture,Geography,,Y,Not found,Similar,Different,Not found,Similar,Not found,Same,,,,"CTET Sep 2026 bulletin, Appendix I",Medium,N,"KTET columns: first-pass mapping from 2012 SCERT syllabus PDFs, unverified; REET columns: first-pass mapping from 2016 BSER syllabus files (not the 2024 notification), unverified; UPTET column: judged against UPESSC UPTET syllabus PDFs (Primary / Upper Primary, Jan 2026), unverified"
SST-POL-01,Social Studies (Paper 2),Diversity,Social and Political Life,,Y,Not found,Not found,Different,Not found,Similar,Not found,Not found,,,,"CTET Sep 2026 bulletin, Appendix I",Medium,N,"KTET columns: first-pass mapping from 2012 SCERT syllabus PDFs, unverified; REET columns: first-pass mapping from 2016 BSER syllabus files (not the 2024 notification), unverified; UPTET column: judged against UPESSC UPTET syllabus PDFs (Primary / Upper Primary, Jan 2026), unverified"
SST-POL-02,Social Studies (Paper 2),Government,Social and Political Life,,Y,Not found,Similar,Different,Not found,Same,Not found,Same,,,,"CTET Sep 2026 bulletin, Appendix I",Medium,N,"KTET columns: first-pass mapping from 2012 SCERT syllabus PDFs, unverified; REET columns: first-pass mapping from 2016 BSER syllabus files (not the 2024 notification), unverified; UPTET column: judged against UPESSC UPTET syllabus PDFs (Primary / Upper Primary, Jan 2026), unverified"
SST-POL-03,Social Studies (Paper 2),Local government,Social and Political Life,,Y,Not found,Same,Different,Not found,Same,Not found,Same,,,,"CTET Sep 2026 bulletin, Appendix I",Medium,N,"KTET columns: first-pass mapping from 2012 SCERT syllabus PDFs, unverified; REET columns: first-pass mapping from 2016 BSER syllabus files (not the 2024 notification), unverified; UPTET column: judged against UPESSC UPTET syllabus PDFs (Primary / Upper Primary, Jan 2026), unverified"
SST-POL-04,Social Studies (Paper 2),Making a living,Social and Political Life,,Y,Not found,Not found,Different,Not found,Not found,Not found,Not found,,,,"CTET Sep 2026 bulletin, Appendix I",Medium,N,"KTET columns: first-pass mapping from 2012 SCERT syllabus PDFs, unverified; REET columns: first-pass mapping from 2016 BSER syllabus files (not the 2024 notification), unverified; UPTET column: judged against UPESSC UPTET syllabus PDFs (Primary / Upper Primary, Jan 2026), unverified"
SST-POL-05,Social Studies (Paper 2),Democracy,Social and Political Life,,Y,Not found,Same,Different,Not found,Same,Not found,Same,,,,"CTET Sep 2026 bulletin, Appendix I",Medium,N,"KTET columns: first-pass mapping from 2012 SCERT syllabus PDFs, unverified; REET columns: first-pass mapping from 2016 BSER syllabus files (not the 2024 notification), unverified; UPTET column: judged against UPESSC UPTET syllabus PDFs (Primary / Upper Primary, Jan 2026), unverified"
SST-POL-06,Social Studies (Paper 2),State government,Social and Political Life,,Y,Not found,Same,Different,Not found,Same,Not found,Same,,,,"CTET Sep 2026 bulletin, Appendix I",Medium,N,"KTET columns: first-pass mapping from 2012 SCERT syllabus PDFs, unverified; REET columns: first-pass mapping from 2016 BSER syllabus files (not the 2024 notification), unverified; UPTET column: judged against UPESSC UPTET syllabus PDFs (Primary / Upper Primary, Jan 2026), unverified"
SST-POL-07,Social Studies (Paper 2),Understanding media,Social and Political Life,,Y,Not found,Not found,Different,Not found,Not found,Not found,Not found,,,,"CTET Sep 2026 bulletin, Appendix I",Medium,N,"KTET columns: first-pass mapping from 2012 SCERT syllabus PDFs, unverified; REET columns: first-pass mapping from 2016 BSER syllabus files (not the 2024 notification), unverified; UPTET column: judged against UPESSC UPTET syllabus PDFs (Primary / Upper Primary, Jan 2026), unverified"
SST-POL-08,Social Studies (Paper 2),Unpacking gender,Social and Political Life,,Y,Not found,Not found,Different,Not found,Not found,Not found,Similar,,,,"CTET Sep 2026 bulletin, Appendix I",Medium,N,"KTET columns: first-pass mapping from 2012 SCERT syllabus PDFs, unverified; REET columns: first-pass mapping from 2016 BSER syllabus files (not the 2024 notification), unverified; UPTET column: judged against UPESSC UPTET syllabus PDFs (Primary / Upper Primary, Jan 2026), unverified"
SST-POL-09,Social Studies (Paper 2),The Constitution,Social and Political Life,,Y,Not found,Not found,Different,Not found,Same,Not found,Same,,,,"CTET Sep 2026 bulletin, Appendix I",Medium,N,"KTET columns: first-pass mapping from 2012 SCERT syllabus PDFs, unverified; REET columns: first-pass mapping from 2016 BSER syllabus files (not the 2024 notification), unverified; UPTET column: judged against UPESSC UPTET syllabus PDFs (Primary / Upper Primary, Jan 2026), unverified"
SST-POL-10,Social Studies (Paper 2),Parliamentary government,Social and Political Life,,Y,Not found,Not found,Different,Not found,Similar,Not found,Same,,,,"CTET Sep 2026 bulletin, Appendix I",Medium,N,"KTET columns: first-pass mapping from 2012 SCERT syllabus PDFs, unverified; REET columns: first-pass mapping from 2016 BSER syllabus files (not the 2024 notification), unverified; UPTET column: judged against UPESSC UPTET syllabus PDFs (Primary / Upper Primary, Jan 2026), unverified"
SST-POL-11,Social Studies (Paper 2),The Judiciary,Social and Political Life,,Y,Not found,Not found,Different,Not found,Similar,Not found,Similar,,,,"CTET Sep 2026 bulletin, Appendix I",Medium,N,"KTET columns: first-pass mapping from 2012 SCERT syllabus PDFs, unverified; REET columns: first-pass mapping from 2016 BSER syllabus files (not the 2024 notification), unverified; UPTET column: judged against UPESSC UPTET syllabus PDFs (Primary / Upper Primary, Jan 2026), unverified"
SST-POL-12,Social Studies (Paper 2),Social justice and the marginalised,Social and Political Life,,Y,Not found,Not found,Different,Not found,Not found,Not found,Same,,,,"CTET Sep 2026 bulletin, Appendix I",Medium,N,"KTET columns: first-pass mapping from 2012 SCERT syllabus PDFs, unverified; REET columns: first-pass mapping from 2016 BSER syllabus files (not the 2024 notification), unverified; UPTET column: judged against UPESSC UPTET syllabus PDFs (Primary / Upper Primary, Jan 2026), unverified"
SST-PED-01,Social Studies (Paper 2),Concept and nature of social science,Pedagogical issues,,Y,Not found,Same,Different,Not found,Same,Not found,Same,,,,"CTET Sep 2026 bulletin, Appendix I",Medium,N,"KTET columns: first-pass mapping from 2012 SCERT syllabus PDFs, unverified; REET columns: first-pass mapping from 2016 BSER syllabus files (not the 2024 notification), unverified; UPTET column: judged against UPESSC UPTET syllabus PDFs (Primary / Upper Primary, Jan 2026), unverified"
SST-PED-02,Social Studies (Paper 2),"Classroom processes, activities and discourse",Pedagogical issues,,Y,Not found,Similar,Different,Not found,Same,Not found,Same,,,,"CTET Sep 2026 bulletin, Appendix I",Medium,N,"KTET columns: first-pass mapping from 2012 SCERT syllabus PDFs, unverified; REET columns: first-pass mapping from 2016 BSER syllabus files (not the 2024 notification), unverified; UPTET column: judged against UPESSC UPTET syllabus PDFs (Primary / Upper Primary, Jan 2026), unverified"
SST-PED-03,Social Studies (Paper 2),Developing critical thinking,Pedagogical issues,,Y,Not found,Not found,Different,Not found,Same,Not found,Same,,,,"CTET Sep 2026 bulletin, Appendix I",Medium,N,"KTET columns: first-pass mapping from 2012 SCERT syllabus PDFs, unverified; REET columns: first-pass mapping from 2016 BSER syllabus files (not the 2024 notification), unverified; UPTET column: judged against UPESSC UPTET syllabus PDFs (Primary / Upper Primary, Jan 2026), unverified"
SST-PED-04,Social Studies (Paper 2),Enquiry / empirical evidence,Pedagogical issues,,Y,Not found,Not found,Different,Not found,Same,Not found,Same,,,,"CTET Sep 2026 bulletin, Appendix I",Medium,N,"KTET columns: first-pass mapping from 2012 SCERT syllabus PDFs, unverified; REET columns: first-pass mapping from 2016 BSER syllabus files (not the 2024 notification), unverified; UPTET column: judged against UPESSC UPTET syllabus PDFs (Primary / Upper Primary, Jan 2026), unverified"
SST-PED-05,Social Studies (Paper 2),Problems of teaching,Pedagogical issues,,Y,Not found,Not found,Different,Not found,Same,Not found,Same,,,,"CTET Sep 2026 bulletin, Appendix I",Medium,N,"KTET columns: first-pass mapping from 2012 SCERT syllabus PDFs, unverified; REET columns: first-pass mapping from 2016 BSER syllabus files (not the 2024 notification), unverified; UPTET column: judged against UPESSC UPTET syllabus PDFs (Primary / Upper Primary, Jan 2026), unverified"
SST-PED-06,Social Studies (Paper 2),Sources: primary and secondary,Pedagogical issues,,Y,Not found,Not found,Different,Not found,Not found,Not found,Similar,,,,"CTET Sep 2026 bulletin, Appendix I",Medium,N,"KTET columns: first-pass mapping from 2012 SCERT syllabus PDFs, unverified; REET columns: first-pass mapping from 2016 BSER syllabus files (not the 2024 notification), unverified; UPTET column: judged against UPESSC UPTET syllabus PDFs (Primary / Upper Primary, Jan 2026), unverified"
SST-PED-07,Social Studies (Paper 2),Project work,Pedagogical issues,,Y,Not found,Not found,Different,Not found,Same,Not found,Same,,,,"CTET Sep 2026 bulletin, Appendix I",Medium,N,"KTET columns: first-pass mapping from 2012 SCERT syllabus PDFs, unverified; REET columns: first-pass mapping from 2016 BSER syllabus files (not the 2024 notification), unverified; UPTET column: judged against UPESSC UPTET syllabus PDFs (Primary / Upper Primary, Jan 2026), unverified"
SST-PED-08,Social Studies (Paper 2),Evaluation,Pedagogical issues,,Y,Not found,Same,Different,Not found,Same,Not found,Same,,,,"CTET Sep 2026 bulletin, Appendix I",Medium,N,"KTET columns: first-pass mapping from 2012 SCERT syllabus PDFs, unverified; REET columns: first-pass mapping from 2016 BSER syllabus files (not the 2024 notification), unverified; UPTET column: judged against UPESSC UPTET syllabus PDFs (Primary / Upper Primary, Jan 2026), unverified"
KTET-CDP-STUDY-METHODS,Child Development and Pedagogy,"Methods of studying child behaviour (observation, case study, interview, tests)",Child Development,,,Same,Not found,Similar,Not found,,,,,,,KTET 2012 SCERT syllabus PDFs (docs/syllabi),Medium,N,KTET-only or KTET-heavier topic; not in CTET syllabus
KTET-CDP-LEARNING-THEORIES,Child Development and Pedagogy,"Basic learning theories (Pavlov, Skinner, Gestalt, Bruner)",Child Development,,,Same,Same,Same,Not found,Same,Same,Same,Same,,,KTET 2012 SCERT syllabus PDFs (docs/syllabi),Low,N,"KTET-only or KTET-heavier topic; not in CTET syllabus; REET columns: first-pass mapping from 2016 BSER syllabus files (not the 2024 notification), unverified; UPTET column: judged against UPESSC UPTET syllabus PDFs (Primary / Upper Primary, Jan 2026), unverified; HTET column: from a pasted summary of unknown source (official bulletin has structure and sample questions only); LOW confidence, verify"
KTET-CDP-PERSONALITY,Child Development and Pedagogy,Personality development and adjustment mechanisms,Child Development,,,Same,Same,Same,Not found,Not found,Same,Same,,,,KTET 2012 SCERT syllabus PDFs (docs/syllabi),Medium,N,"KTET-only or KTET-heavier topic; not in CTET syllabus; REET columns: first-pass mapping from 2016 BSER syllabus files (not the 2024 notification), unverified; UPTET column: judged against UPESSC UPTET syllabus PDFs (Primary / Upper Primary, Jan 2026), unverified"
KTET-CDP-ADOLESCENT,Adolescent Psychology (Cat III),"Adolescence: characteristics, problems, developmental theories",Child Development,,,Not found,Similar,Same,Not found,,,,Same,,,KTET 2012 SCERT syllabus PDFs (docs/syllabi),Low,N,"KTET-only or KTET-heavier topic; not in CTET syllabus; HTET column: from a pasted summary of unknown source (official bulletin has structure and sample questions only); LOW confidence, verify"
KTET-CDP-TEACHING-APTITUDE,Teaching Aptitude (Cat III),"Teaching aptitude: teacher roles, methods, classroom management, NCF 2005 / KCF 2007 / RTE 2009",Teaching,,,Not found,Not found,Same,Not found,,,,,,,KTET 2012 SCERT syllabus PDFs (docs/syllabi),Medium,N,KTET-only or KTET-heavier topic; not in CTET syllabus
KTET-LANG-MOTHER-TONGUE,Language I (Malayalam/Tamil/Kannada),"Mother-tongue literature, culture, functional grammar (Kerala language papers)",Language,,,Same,Same,Same,Not found,,,,,,,KTET 2012 SCERT syllabus PDFs (docs/syllabi),Medium,N,KTET-only or KTET-heavier topic; not in CTET syllabus
KTET-SUBJECT-CAT3,Subject-specific areas (Cat III),Subject content and pedagogy for classes VIII-X (80 questions),Subject,,,Not found,Not found,Same,Not found,,,,,,,KTET 2012 SCERT syllabus PDFs (docs/syllabi),Medium,N,KTET-only or KTET-heavier topic; not in CTET syllabus
KTET-SST-ECONOMICS,Social Science (Cat II),"Economics: growth, five year plans, money and banking, globalisation (8 questions)",Economics,,,Not found,Same,Different,Not found,,,,,,,KTET 2012 SCERT syllabus PDFs (docs/syllabi),Medium,N,KTET-only or KTET-heavier topic; not in CTET syllabus
KTET-SST-KERALA,Social Science (Cat II),"Kerala-specific history, geography and economy",Kerala,,,Not found,Same,Different,Not found,,,,,,,KTET 2012 SCERT syllabus PDFs (docs/syllabi),Medium,N,KTET-only or KTET-heavier topic; not in CTET syllabus
KTET-CAT4-SPECIALIST,Category IV specialist,"Language teachers (Arabic, Urdu, Sanskrit, Hindi), art and physical education content",Specialist,,,Not found,Not found,Not found,Same,,,,,,,KTET 2012 SCERT syllabus PDFs (docs/syllabi),Medium,N,KTET-only or KTET-heavier topic; not in CTET syllabus
REET-CDP-ACTION-RESEARCH-RTE,Child Development and Pedagogy,Action research; Right to Education Act 2009 (role and responsibilities of teachers); adjustment,Teaching,,,,,,,,Same,Same,,,,"REET syllabus files from BSER site (2016), docs/syllabi",Medium,N,REET-specific or REET-heavier topic; not in the CTET syllabus (REET Same here means 'present in REET')
REET-MATH-ARITH-APPLIED,Mathematics,"Fractions, prime numbers, LCM/HCF; unitary law, average, profit and loss, simple interest (Level 1); indices, square/cube roots, compound interest, percentage, partnership (Level 2)",Content,,,,,,,,Same,Same,,,,"REET syllabus files from BSER site (2016), docs/syllabi",Medium,N,REET-specific or REET-heavier topic; not in the CTET syllabus (REET Same here means 'present in REET')
REET-EVS-RAJASTHAN,Environmental Studies,"Rajasthan-specific content: industries, culture, fairs, tourist places, renewable resources, state symbols",Content,,,,,,,,Same,Not found,,,,"REET syllabus files from BSER site (2016), docs/syllabi",Medium,N,REET-specific or REET-heavier topic; not in the CTET syllabus (REET Same here means 'present in REET')
REET-EVS-HEALTH-CIVICS,Environmental Studies,"Public places and institutions, panchayat/assembly/parliament basics; personal hygiene, diseases, pulse polio",Content,,,,,,,,Same,Not found,,,,"REET syllabus files from BSER site (2016), docs/syllabi",Medium,N,REET-specific or REET-heavier topic; not in the CTET syllabus (REET Same here means 'present in REET')
REET-SST-RAJASTHAN-GEO,Social Studies (Level 2),Geography and resources of Rajasthan,Geography,,,,,,,,Not found,Same,,,,"REET syllabus files from BSER site (2016), docs/syllabi",Medium,N,REET-specific or REET-heavier topic; not in the CTET syllabus (REET Same here means 'present in REET')
REET-SST-RAJASTHAN-HIST,Social Studies (Level 2),"History and culture of Rajasthan, freedom struggle, integration, heritage",History,,,,,,,,Not found,Same,,,,"REET syllabus files from BSER site (2016), docs/syllabi",Medium,N,REET-specific or REET-heavier topic; not in the CTET syllabus (REET Same here means 'present in REET')
REET-SCI-HEALTH-TECH,Science (Level 2),"Human body and health, adolescence, science and technology, structure of matter, chemical substances",Content,,,,,,,,Not found,Same,,,,"REET syllabus files from BSER site (2016), docs/syllabi",Medium,N,REET-specific or REET-heavier topic; not in the CTET syllabus (REET Same here means 'present in REET')
MPTET-CDP-EXTRA,Child Development and Pedagogy,Mental health and behaviour problems of children; personality and its measurement; aptitude; memory and forgetting; guidance and counselling; child delinquency,Child Development,,,,,,,,,,,,Same,MPESB rulebook 2026 pp.8-9,Medium,N,MPTET-specific additions to the CDP list
UPTET-LANG-HINDI-GRAMMAR,Language I (Hindi),"Hindi grammar and vocabulary: varnamala, matra, sandhi, samas, alankar, idioms, synonyms, punctuation",Content,,,,,,,Same,,,,,,UPESSC UPTET syllabus PDFs (docs/syllabi),Medium,N,UPTET-specific; not in the CTET syllabus (Same here means 'present in UPTET')
UPTET-LANG-ENGLISH-GRAMMAR,Language II (English),"English grammar: parts of speech, tenses, articles, voice, narration, punctuation, word formation",Content,,,,,,,Same,,,,,,UPESSC UPTET syllabus PDFs (docs/syllabi),Medium,N,UPTET-specific; not in the CTET syllabus (Same here means 'present in UPTET')
UPTET-EVS-UP-CIVICS,Environmental Studies,"Uttar Pradesh and India geography, governance structure (panchayat to state), national symbols, fairs, sports",Content,,,,,,,Same,,,,,,UPESSC UPTET syllabus PDFs (docs/syllabi),Medium,N,UPTET-specific; not in the CTET syllabus (Same here means 'present in UPTET')
UPTET-P2-MATH-COMMERCIAL,Mathematics (Paper 2),"Commercial maths (tax, banking, compound interest), graphs, probability, Cartesian plane, mensuration",Content,,,,,,,Same,,,,,,UPESSC UPTET syllabus PDFs (docs/syllabi),Medium,N,UPTET-specific; not in the CTET syllabus (Same here means 'present in UPTET')
UPTET-P2-SST-OTHER-SUBJECTS,Social Studies and others (Paper 2),"Home science, physical education and sports, music, horticulture, disaster management, disability",Content,,,,,,,Same,,,,,,UPESSC UPTET syllabus PDFs (docs/syllabi),Medium,N,UPTET-specific; not in the CTET syllabus (Same here means 'present in UPTET')
HTET-CDP-NAMED-THEORIES,Child Development and Pedagogy,"Named-theory depth: laws of heredity, intelligence tests (Koh, Pass-along, Stanford-Binet), Sternberg triarchic theory, Thorndike laws, Pavlov conditioning, Kohlberg stages, motivation theorists (Atkinson, Maslow, Woodworth, McClelland), Gagne learning levels, adolescent development",Child Development,,,,,,,,,,Same,,,"HTET-2025 bulletin pp.13-16 (marks); Level 2 sample paper Q1-60 (CDP, languages); other topic lists from an unverified summary",Low,N,"HTET-specific; the 30-mark General Studies block and the structure are verified in the bulletin, the topic lists are not"
HTET-GS-QUANT,General Studies (HTET),"Quantitative aptitude (10 marks): number system, percentage, profit and loss, interest, average, time and work, algebra, mensuration",General Studies,,,,,,,,,,Same,,,"HTET-2025 bulletin pp.13-16 (marks); Level 2 sample paper Q1-60 (CDP, languages); other topic lists from an unverified summary",Low,N,"HTET-specific; the 30-mark General Studies block and the structure are verified in the bulletin, the topic lists are not"
HTET-GS-REASONING,General Studies (HTET),"Reasoning ability (10 marks): verbal and non-verbal reasoning, analogies, syllogism, blood relations, coding-decoding, Venn diagrams",General Studies,,,,,,,,,,Same,,,"HTET-2025 bulletin pp.13-16 (marks); Level 2 sample paper Q1-60 (CDP, languages); other topic lists from an unverified summary",Low,N,"HTET-specific; the 30-mark General Studies block and the structure are verified in the bulletin, the topic lists are not"
HTET-GS-HARYANA-GK,General Studies (HTET),"Haryana GK and awareness (10 marks): history, geography, culture, polity, economy, schemes, current affairs",General Studies,,,,,,,,,,Same,,,"HTET-2025 bulletin pp.13-16 (marks); Level 2 sample paper Q1-60 (CDP, languages); other topic lists from an unverified summary",Low,N,"HTET-specific; the 30-mark General Studies block and the structure are verified in the bulletin, the topic lists are not"
HTET-LANG-GRAMMAR,Languages (HTET),Hindi and English grammar and vocabulary (15 + 15 marks),Content,,,,,,,,,,Same,,,"HTET-2025 bulletin pp.13-16 (marks); Level 2 sample paper Q1-60 (CDP, languages); other topic lists from an unverified summary",Low,N,"HTET-specific; the 30-mark General Studies block and the structure are verified in the bulletin, the topic lists are not"
HTET-L2-L3-SUBJECT,Subject-specific (HTET),"Level 2 (classes 6-10 syllabus) and Level 3 (classes 9-12, up to post-graduate depth) concerned-subject content, 60 marks",Subject,,,,,,,,,,Same,,,"HTET-2025 bulletin pp.13-16 (marks); Level 2 sample paper Q1-60 (CDP, languages); other topic lists from an unverified summary",Low,N,"HTET-specific; the 30-mark General Studies block and the structure are verified in the bulletin, the topic lists are not"
