page_id,link,target_page_id,target_status,anchor_found,verdict
P010,/ctet/passing-marks/,P020,READY,,ship together
P010,ctet-vs-ktet.html,P011,DRAFT,,BLOCK: target is DRAFT
P010,#ctet-accepted,P010,DRAFT,yes,ok
P020,/,P000,PLANNED,,BLOCK: target is PLANNED
P020,/ctet/,P001,PLANNED,,BLOCK: target is PLANNED
P020,/compare-all-tets.html#ctet-accepted,P010,DRAFT,yes,BLOCK: target is DRAFT
P020,https://play.google.com/store/apps/details?id=com.easyctet.app&referrer=utm_source%3Dweb%26utm_medium%3Dseo%26utm_campaign%3Dctet-passing-marks,X001,PLANNED,,BLOCK: target is PLANNED
P020,/compare-all-tets.html,P010,DRAFT,,BLOCK: target is DRAFT
P021,/,P000,PLANNED,,BLOCK: target is PLANNED
P021,/compare-all-tets.html,P010,DRAFT,,BLOCK: target is DRAFT
P021,https://play.google.com/store/apps/details?id=com.easyctet.app,X001,PLANNED,,BLOCK: target is PLANNED
P022,/,P000,PLANNED,,BLOCK: target is PLANNED
P022,/compare-all-tets.html,P010,DRAFT,,BLOCK: target is DRAFT
P022,https://play.google.com/store/apps/details?id=com.easyctet.app,X001,PLANNED,,BLOCK: target is PLANNED
P023,/,P000,PLANNED,,BLOCK: target is PLANNED
P023,/compare-all-tets.html,P010,DRAFT,,BLOCK: target is DRAFT
P023,https://play.google.com/store/apps/details?id=com.easyctet.app,X001,PLANNED,,BLOCK: target is PLANNED
P024,/,P000,PLANNED,,BLOCK: target is PLANNED
P024,/compare-all-tets.html,P010,DRAFT,,BLOCK: target is DRAFT
P024,https://play.google.com/store/apps/details?id=com.easyctet.app,X001,PLANNED,,BLOCK: target is PLANNED
