source_id,exam,document_title,publisher,url,publication_or_notification_date,retrieved_on,official_or_non_official,local_file_name,used_for
S001,CTET,CTET Sept 2026 Information Bulletin,CBSE (ctet.nic.in),https://cdnbbsr.s3waas.gov.in/s3443dec3062d0286986e21dc0631734c9/uploads/2026/05/202605111250310617.pdf,2026-05-11,2026-10-01,official,../syllabi/CTET_Sep2026_Information_Bulletin.pdf,syllabus + exam pattern
S002,KTET,KTET Category I syllabus,Kerala Pareeksha Bhavan,https://ktet.kerala.gov.in/syllabus/syllabus1.pdf,file dated 2017-11-14,2026-10-01,official,../syllabi/KTET_Category_I_syllabus.pdf,syllabus
S003,KTET,KTET Category II syllabus,Kerala Pareeksha Bhavan,https://ktet.kerala.gov.in/syllabus/syllabus2.pdf,file dated 2017-11-14,2026-10-01,official,../syllabi/KTET_Category_II_syllabus.pdf,syllabus
S004,KTET,KTET Category III syllabus,Kerala Pareeksha Bhavan,https://ktet.kerala.gov.in/syllabus/syllabus3.pdf,file dated 2017-11-14,2026-10-01,official,../syllabi/KTET_Category_III_syllabus.pdf,syllabus
S005,KTET,KTET Category IV syllabus,Kerala Pareeksha Bhavan,https://ktet.kerala.gov.in/syllabus/syllabus4.pdf,file dated 2017-11-14,2026-10-01,official,../syllabi/KTET_Category_IV_syllabus.pdf,syllabus
S006,KTET,K-TET September 2026 Notification,Kerala Pareeksha Bhavan,https://ktet.kerala.gov.in/downloads/sep2026/K-TET%20September%202026-Notification.pdf,2026-09-19,2026-10-01,official,../syllabi/KTET_Sep2026_Notification.pdf,pattern + eligibility + pass marks
S007,Bihar STET,Bihar STET 2026 Notification (SECONDARY level, classes 9-12 - not comparable with CTET),BSEB,https://stet.bsebportal.in/wp-content/uploads/Bihar-Stet-2026-Notification.pdf,2026-08-14,not downloaded,official (link found only),,pending
S008,REET,REET-2024 Notification 01/2024 (12.12.2024),Board of Secondary Education Rajasthan,https://rajeduboard.rajasthan.gov.in/reet2024final121224.PDF,2024-12-12,2026-10-01,official,../syllabi/REET_2024_Notification.pdf,eligibility + pattern + marking + pass marks (syllabus is on the website, not in this PDF)
S009,REET,REET Level 2 Maths and Science syllabus,Board of Secondary Education Rajasthan,https://rajeduboard.rajasthan.gov.in/RTET-REET/L2MathematicsandScience.pdf,file dated 2016-04-28,2026-10-01,official (old),../syllabi/REET_L2_Maths_Science_syllabus_2016.pdf,syllabus (may be outdated)
S010,REET,REET syllabus files (CDP L1/L2, Maths L1, EVS L1, Social Studies L2),Board of Secondary Education Rajasthan,https://rajeduboard.rajasthan.gov.in/RTET-REET/ (files L1ChildDevelopmentandPedagogy.pdf etc.),file dated 2016-04-28,2026-10-01,official (old),../syllabi/REET_2016_*.pdf,syllabus mapping; may be superseded
S011,MPTET,Eligibility Test 2026 for in-service teachers - rulebook (17.08.2026),MP Employees Selection Board,https://esb.mp.gov.in/rulebooks/RB_2026/MSPSTET_2026_RuleBookforTeachers_17082026.pdf,2026-08-17,2026-10-01,official,../syllabi/MPTET_2026_MSPSTET_Rulebook_17082026.pdf,primary exam scheme + syllabus (chapter 1); middle-level chapter not read
S012,MPTET,Eligibility Test 2026 for in-service teachers - revised extract,MP Employees Selection Board,https://esb.mp.gov.in/rulebooks/RB_2026/EligibilityTest2026_for_Teachers_2026_Revised_04092026.pdf,2026-09-04,2026-10-01,official,../syllabi/MPTET_2026_Eligibility_Rulebook_Revised_04092026.pdf,revised application dates (apply by 18.09.2026)
S013,UPTET,UPTET structure and syllabus - Primary (classes 1-5),UP Education Service Selection Commission,provided by user (Downloads/UPTET/Primary.pdf),PDF created 2026-01-14,2026-10-01,official (user-supplied),../syllabi/UPTET_Primary_syllabus.pdf,syllabus mapping
S014,UPTET,UPTET structure and syllabus - Upper Primary (classes 6-8),UP Education Service Selection Commission,provided by user (Downloads/UPTET/Upper Primary.pdf),PDF created 2026-01-14,2026-10-01,official (user-supplied),../syllabi/UPTET_Upper_Primary_syllabus.pdf,syllabus mapping
S015,HTET,HTET-2025 Information Bulletin,Board of School Education Haryana (via htet.eapplynow.com linked from bseh.org.in),https://htet.eapplynow.com/HTET25_InfoBulletin.pdf,2025-12-24,2026-10-01,official (board-linked portal),../syllabi/HTET_2025_Information_Bulletin.pdf,pattern + pass marks + validity; no topic-level syllabus (refers to NCERT/Haryana textbooks)
S016,HTET,HTET-2025 Notification 01/2025,Board of School Education Haryana,https://htet.eapplynow.com/Notice.pdf,2025-12-31,2026-10-01,official (board-linked portal),../syllabi/HTET_2025_Notice.pdf,application dates
S017,HTET,Public notice on HTET-2026,Board of School Education Haryana,https://bseh.org.in/uploads/files/2fc148cf76fee8d5bf6604b917f1d739.pdf,~2026-09-30,2026-10-01,official,not saved,confirms HTET-2026 will be held in 2026; no dates yet
S018,HTET,HTET Level 2 TGT Mathematics Set A - 2023 sample question paper,Board of School Education Haryana,https://bseh.org.in/uploads/files/444e7e8a833dbe7e45369075af252353.pdf,2024-11-18 (upload),2026-10-01,official,../syllabi/htet_papers/HTET_TGT_Mathematics_SetA_2023sample.pdf,evidence of CDP/language question style (Q1-60 read)
S019,HTET,HTET Level 2 TGT Social Studies Set A - 2023 sample question paper,Board of School Education Haryana,https://bseh.org.in/uploads/files/a0e19fc284802cdcebc4bd1463e8b8f7.pdf,2024-11-18 (upload),2026-10-01,official,../syllabi/htet_papers/HTET_TGT_SocialStudies_SetA_2023sample.pdf,downloaded; not read yet
S020,HTET,HTET Level 2 TGT Science Set A - 2023 sample question paper,Board of School Education Haryana,https://bseh.org.in/uploads/files/3e1d51aa11af2d230dbd1f53ec27ac4c.pdf,2024-11-18 (upload),2026-10-01,official,../syllabi/htet_papers/HTET_TGT_Science_SetA_2023sample.pdf,downloaded; not read yet
S021,KVS/NVS,Recruitment Notification 01/2025 (teaching and non-teaching posts),CBSE for KVS and NVS,https://www.cbse.gov.in/cbsenew/documents/Detailed_Notification_KVS_NVS_2025_13112025.pdf,2025-11-13,2026-10-03,official,,CTET passing marks by employer (P020)
S022,DSSSB,Advertisement No. 05/2025 - Assistant Teacher (Primary),DSSSB,https://dsssb.delhi.gov.in/sites/default/files/DSSSB/circulars-orders/final_advt_no_05-2025_asstt_teacher_primary_1.pdf,2025-09-10,2026-10-03,official,,CTET passing marks by employer (P020)
S023,DSSSB,Advertisement No. 03/2026 - incl. Special Educator (Primary) and TGT (Special Education Teacher),DSSSB (read from copy hosted by Drishti; official PDF via dsssb-vacancies page),https://dsssb.delhi.gov.in/dsssb-vacancies,2026-05-29,2026-10-03,official,,CTET passing marks by employer (P020)
S024,BPSC TRE,Advertisement No. 15/2026 - TRE 4.0 School Teacher (page 5: CTET/BTET minimum marks),Bihar Public Service Commission,https://bpsc.bihar.gov.in/wp-content/uploads/BPSC_content/Notices/Advertisement-152026-TRE-4.0_BPSC-20260922-dbsf04.pdf,2026-09-22,2026-10-03,official,,CTET passing marks by employer (P020)
S025,KTET,"Kerala PSC L P School Teacher notification, Category No. 239-241/2025 (CTET in place of KTET Cat I/II, G.O.(P) No.6/2024/G.Edn)",Kerala Public Service Commission,https://keralapsc.gov.in/sites/default/files/2025-08/noti-239-241-25.pdf,2025-08,2026-10-03,official,,'Does CTET count here?' row (P010)
S026,UPTET,"Assistant Teacher (Primary) Selection Examination 2026, Advt. No. 05/2026 (clause 7: state or central TET)",UPESSC,https://upessc.up.gov.in/Notice/a429-726e-4862-f3dc-8a6f.pdf,2026-09-15,2026-10-03,official,,'Does CTET count here?' row (P010)
S027,REET,Primary and Upper Primary School Teacher recruitment 2025 (REET 2022 or 2025 required) - official PDF not retrieved; confirmed via news coverage,Rajasthan Staff Selection Board,https://rssb.rajasthan.gov.in/,2025-11,2026-10-03,official,,'Does CTET count here?' row (P010)
S028,MPTET,Primary Teacher Selection Test 2025 rulebook (clause 12.2: MP primary TET 2020/2024 only),MP Employees Selection Board,https://esb.mp.gov.in/rulebooks/RB_2025/PSTST_2025_Final_RuleBook.pdf,2025,2026-10-03,official,,'Does CTET count here?' row (P010)
S029,HTET,"Primary Teacher (Mewat cadre) recruitment, Advt. No. 05/2024 (HTET/STET required) - official PDF not retrieved; confirmed via news coverage",Haryana Staff Selection Commission,https://hssc.gov.in/,2024-08,2026-10-03,official,,'Does CTET count here?' row (P010)
